Date,Code,O,MO,AO,UL,LL,MUL,MLL,AUL,ALL,why_null,evidence
2008-05-07 00:00:00,22090,452.0,,452.0,0.0,0.0,0.0,0.0,0.0,0.0,データ収録開始初日のため前場データ欠損,J-Quants収録開始日(2008-05-07)。後場初値あり(O=AO=452)、全フラグ0、前場データ未収録と推定
2008-05-07 00:00:00,16190,15380.0,15380.0,,0.0,0.0,0.0,0.0,0.0,0.0,データ収録開始初日のため後場データ欠損,J-Quants収録開始日(2008-05-07)。前場初値あり(O=MO=15380)、全フラグ0、後場データ未収録と推定
2008-05-07 00:00:00,13170,,,,0.0,0.0,0.0,0.0,0.0,0.0,データ収録開始初日のため上場初日データ欠損,J-Quants収録開始日(2008-05-07)。全セッションNULL、全ストップフラグ0。データ未収録と推定
2008-05-07 00:00:00,95410,700.0,700.0,,0.0,0.0,0.0,0.0,0.0,0.0,データ収録開始初日のため後場データ欠損,J-Quants収録開始日(2008-05-07)。前場初値あり(O=MO=700)、全フラグ0、後場データ未収録と推定
2008-05-07 00:00:00,63250,,,,0.0,0.0,0.0,0.0,0.0,0.0,データ収録開始初日のため上場初日データ欠損,J-Quants収録開始日(2008-05-07)。全セッションNULL、全ストップフラグ0。データ未収録と推定
2008-05-07 00:00:00,49550,680.0,680.0,,0.0,0.0,0.0,0.0,0.0,0.0,データ収録開始初日のため後場データ欠損,J-Quants収録開始日(2008-05-07)。前場初値あり(O=MO=680)、全フラグ0、後場データ未収録と推定
2008-05-07 00:00:00,17370,,,,0.0,0.0,0.0,0.0,0.0,0.0,データ収録開始初日のため上場初日データ欠損,J-Quants収録開始日(2008-05-07)。全セッションNULL、全ストップフラグ0。データ未収録と推定
2008-05-07 00:00:00,16100,1965.0,,1965.0,0.0,0.0,0.0,0.0,0.0,0.0,データ収録開始初日のため前場データ欠損,J-Quants収録開始日(2008-05-07)。後場初値あり(O=AO=1965)、全フラグ0、前場データ未収録と推定
2008-05-07 00:00:00,39550,,,,0.0,0.0,0.0,0.0,0.0,0.0,データ収録開始初日のため上場初日データ欠損,J-Quants収録開始日(2008-05-07)。全セッションNULL、全ストップフラグ0。データ未収録と推定
2008-05-07 00:00:00,16330,33100.0,33100.0,,0.0,0.0,0.0,0.0,0.0,0.0,データ収録開始初日のため後場データ欠損,J-Quants収録開始日(2008-05-07)。前場初値あり(O=MO=33100)、全フラグ0、後場データ未収録と推定
2008-05-07 00:00:00,69820,115.0,115.0,,0.0,0.0,0.0,0.0,0.0,0.0,データ収録開始初日のため後場データ欠損,J-Quants収録開始日(2008-05-07)。前場初値あり(O=MO=115)、全フラグ0、後場データ未収録と推定
2008-05-07 00:00:00,90630,,,,0.0,0.0,0.0,0.0,0.0,0.0,データ収録開始初日のため上場初日データ欠損,J-Quants収録開始日(2008-05-07)。全セッションNULL、全ストップフラグ0。データ未収録と推定
2008-05-07 00:00:00,59050,102.0,102.0,,0.0,0.0,0.0,0.0,0.0,0.0,データ収録開始初日のため後場データ欠損,J-Quants収録開始日(2008-05-07)。前場初値あり(O=MO=102)、全フラグ0、後場データ未収録と推定
2008-05-07 00:00:00,74280,213.0,213.0,,0.0,0.0,0.0,0.0,0.0,0.0,データ収録開始初日のため後場データ欠損,J-Quants収録開始日(2008-05-07)。前場初値あり(O=MO=213)、全フラグ0、後場データ未収録と推定
2008-05-07 00:00:00,96290,,,,0.0,0.0,0.0,0.0,0.0,0.0,データ収録開始初日のため上場初日データ欠損,J-Quants収録開始日(2008-05-07)。全セッションNULL、全ストップフラグ0。データ未収録と推定
2008-05-07 00:00:00,74420,,,,0.0,0.0,0.0,0.0,0.0,0.0,データ収録開始初日のため上場初日データ欠損,J-Quants収録開始日(2008-05-07)。全セッションNULL、全ストップフラグ0。データ未収録と推定
2008-05-07 00:00:00,63920,,,,0.0,0.0,0.0,0.0,0.0,0.0,データ収録開始初日のため上場初日データ欠損,J-Quants収録開始日(2008-05-07)。全セッションNULL、全ストップフラグ0。データ未収録と推定
2008-05-07 00:00:00,86420,980.0,,980.0,0.0,0.0,0.0,0.0,0.0,0.0,データ収録開始初日のため前場データ欠損,J-Quants収録開始日(2008-05-07)。後場初値あり(O=AO=980)、全フラグ0、前場データ未収録と推定
2008-05-07 00:00:00,51940,297.0,297.0,,0.0,0.0,0.0,0.0,0.0,0.0,データ収録開始初日のため後場データ欠損,J-Quants収録開始日(2008-05-07)。前場初値あり(O=MO=297)、全フラグ0、後場データ未収録と推定
2008-05-07 00:00:00,51890,210.0,210.0,,0.0,0.0,0.0,0.0,0.0,0.0,データ収録開始初日のため後場データ欠損,J-Quants収録開始日(2008-05-07)。前場初値あり(O=MO=210)、全フラグ0、後場データ未収録と推定
2008-05-07 00:00:00,76610,,,,0.0,0.0,0.0,0.0,0.0,0.0,データ収録開始初日のため上場初日データ欠損,J-Quants収録開始日(2008-05-07)。全セッションNULL、全ストップフラグ0。データ未収録と推定
2008-05-07 00:00:00,23380,64500.0,64500.0,,0.0,0.0,0.0,0.0,0.0,0.0,データ収録開始初日のため後場データ欠損,J-Quants収録開始日(2008-05-07)。前場初値あり(O=MO=64500)、全フラグ0、後場データ未収録と推定
2008-05-07 00:00:00,44090,,,,0.0,0.0,0.0,0.0,0.0,0.0,データ収録開始初日のため上場初日データ欠損,J-Quants収録開始日(2008-05-07)。全セッションNULL、全ストップフラグ0。データ未収録と推定
2008-05-07 00:00:00,96350,241.0,241.0,,0.0,0.0,0.0,0.0,0.0,0.0,データ収録開始初日のため後場データ欠損,J-Quants収録開始日(2008-05-07)。前場初値あり(O=MO=241)、全フラグ0、後場データ未収録と推定
2008-05-07 00:00:00,72540,450.0,,450.0,0.0,0.0,0.0,0.0,0.0,0.0,データ収録開始初日のため前場データ欠損,J-Quants収録開始日(2008-05-07)。後場初値あり(O=AO=450)、全フラグ0、前場データ未収録と推定
2008-05-07 00:00:00,93200,218.0,218.0,,0.0,0.0,0.0,0.0,0.0,0.0,データ収録開始初日のため後場データ欠損,J-Quants収録開始日(2008-05-07)。前場初値あり(O=MO=218)、全フラグ0、後場データ未収録と推定
2008-05-07 00:00:00,48630,,,,0.0,0.0,0.0,0.0,0.0,0.0,データ収録開始初日のため上場初日データ欠損,J-Quants収録開始日(2008-05-07)。全セッションNULL、全ストップフラグ0。データ未収録と推定
2008-05-07 00:00:00,37720,129000.0,129000.0,,0.0,0.0,0.0,0.0,0.0,0.0,データ収録開始初日のため後場データ欠損,J-Quants収録開始日(2008-05-07)。前場初値あり(O=MO=129000)、全フラグ0、後場データ未収録と推定
2008-05-07 00:00:00,23560,69500.0,69500.0,,0.0,0.0,0.0,0.0,0.0,0.0,データ収録開始初日のため後場データ欠損,J-Quants収録開始日(2008-05-07)。前場初値あり(O=MO=69500)、全フラグ0、後場データ未収録と推定
2008-05-07 00:00:00,77470,,,,0.0,0.0,0.0,0.0,0.0,0.0,データ収録開始初日のため上場初日データ欠損,J-Quants収録開始日(2008-05-07)。全セッションNULL、全ストップフラグ0。データ未収録と推定
2008-05-07 00:00:00,67210,35000.0,,35000.0,0.0,0.0,0.0,0.0,0.0,0.0,データ収録開始初日のため前場データ欠損,J-Quants収録開始日(2008-05-07)。後場初値あり(O=AO=35000)、全フラグ0、前場データ未収録と推定
2008-05-07 00:00:00,63600,170.0,170.0,,0.0,0.0,0.0,0.0,0.0,0.0,データ収録開始初日のため後場データ欠損,J-Quants収録開始日(2008-05-07)。前場初値あり(O=MO=170)、全フラグ0、後場データ未収録と推定
2008-05-07 00:00:00,68320,1180.0,1180.0,,0.0,0.0,0.0,0.0,0.0,0.0,データ収録開始初日のため後場データ欠損,J-Quants収録開始日(2008-05-07)。前場初値あり(O=MO=1180)、全フラグ0、後場データ未収録と推定
2008-05-07 00:00:00,45280,5550.0,,5550.0,0.0,0.0,0.0,0.0,0.0,0.0,データ収録開始初日のため前場データ欠損,J-Quants収録開始日(2008-05-07)。後場初値あり(O=AO=5550)、全フラグ0、前場データ未収録と推定
2008-05-07 00:00:00,79790,,,,0.0,0.0,0.0,0.0,0.0,0.0,データ収録開始初日のため上場初日データ欠損,J-Quants収録開始日(2008-05-07)。全セッションNULL、全ストップフラグ0。データ未収録と推定
2008-05-07 00:00:00,63820,580.0,580.0,,0.0,0.0,0.0,0.0,0.0,0.0,データ収録開始初日のため後場データ欠損,J-Quants収録開始日(2008-05-07)。前場初値あり(O=MO=580)、全フラグ0、後場データ未収録と推定
2008-05-07 00:00:00,59180,318.0,,318.0,0.0,0.0,0.0,0.0,0.0,0.0,データ収録開始初日のため前場データ欠損,J-Quants収録開始日(2008-05-07)。後場初値あり(O=AO=318)、全フラグ0、前場データ未収録と推定
2008-05-07 00:00:00,30630,74000.0,,74000.0,0.0,0.0,0.0,0.0,0.0,0.0,データ収録開始初日のため前場データ欠損,J-Quants収録開始日(2008-05-07)。後場初値あり(O=AO=74000)、全フラグ0、前場データ未収録と推定
2008-05-07 00:00:00,66870,,,,0.0,0.0,0.0,0.0,0.0,0.0,データ収録開始初日のため上場初日データ欠損,J-Quants収録開始日(2008-05-07)。全セッションNULL、全ストップフラグ0。データ未収録と推定
2008-05-07 00:00:00,86660,,,,0.0,0.0,0.0,0.0,0.0,0.0,データ収録開始初日のため上場初日データ欠損,J-Quants収録開始日(2008-05-07)。全セッションNULL、全ストップフラグ0。データ未収録と推定
2008-05-07 00:00:00,98460,839.0,839.0,,0.0,0.0,0.0,0.0,0.0,0.0,データ収録開始初日のため後場データ欠損,J-Quants収録開始日(2008-05-07)。前場初値あり(O=MO=839)、全フラグ0、後場データ未収録と推定
2008-05-07 00:00:00,67430,,,,0.0,0.0,0.0,0.0,0.0,0.0,データ収録開始初日のため上場初日データ欠損,J-Quants収録開始日(2008-05-07)。全セッションNULL、全ストップフラグ0。データ未収録と推定
2008-05-07 00:00:00,16260,11920.0,11920.0,,0.0,0.0,0.0,0.0,0.0,0.0,データ収録開始初日のため後場データ欠損,J-Quants収録開始日(2008-05-07)。前場初値あり(O=MO=11920)、全フラグ0、後場データ未収録と推定
2008-05-07 00:00:00,86480,4200.0,,4200.0,0.0,0.0,0.0,0.0,0.0,0.0,データ収録開始初日のため前場データ欠損,J-Quants収録開始日(2008-05-07)。後場初値あり(O=AO=4200)、全フラグ0、前場データ未収録と推定
2008-05-07 00:00:00,80300,245.0,,245.0,0.0,0.0,0.0,0.0,0.0,0.0,データ収録開始初日のため前場データ欠損,J-Quants収録開始日(2008-05-07)。後場初値あり(O=AO=245)、全フラグ0、前場データ未収録と推定
2008-05-07 00:00:00,93110,,,,0.0,0.0,0.0,0.0,0.0,0.0,データ収録開始初日のため上場初日データ欠損,J-Quants収録開始日(2008-05-07)。全セッションNULL、全ストップフラグ0。データ未収録と推定
2008-05-07 00:00:00,90820,,,,0.0,0.0,0.0,0.0,0.0,0.0,データ収録開始初日のため上場初日データ欠損,J-Quants収録開始日(2008-05-07)。全セッションNULL、全ストップフラグ0。データ未収録と推定
2008-05-07 00:00:00,31230,589.0,,589.0,0.0,0.0,0.0,0.0,0.0,0.0,データ収録開始初日のため前場データ欠損,J-Quants収録開始日(2008-05-07)。後場初値あり(O=AO=589)、全フラグ0、前場データ未収録と推定
2008-05-07 00:00:00,86340,,,,0.0,0.0,0.0,0.0,0.0,0.0,データ収録開始初日のため上場初日データ欠損,J-Quants収録開始日(2008-05-07)。全セッションNULL、全ストップフラグ0。データ未収録と推定
2008-05-07 00:00:00,80230,,,,0.0,0.0,0.0,0.0,0.0,0.0,データ収録開始初日のため上場初日データ欠損,J-Quants収録開始日(2008-05-07)。全セッションNULL、全ストップフラグ0。データ未収録と推定
2008-05-07 00:00:00,32450,47100.0,47100.0,,1.0,0.0,1.0,0.0,0.0,0.0,データ収録開始初日のため後場データ欠損,J-Quants収録開始日(2008-05-07)。前場初値あり(O=MO=47100)、全フラグ0、後場データ未収録と推定
2008-05-07 00:00:00,90590,,,,0.0,0.0,0.0,0.0,0.0,0.0,データ収録開始初日のため上場初日データ欠損,J-Quants収録開始日(2008-05-07)。全セッションNULL、全ストップフラグ0。データ未収録と推定
2008-05-07 00:00:00,64370,490.0,490.0,,0.0,0.0,0.0,0.0,0.0,0.0,データ収録開始初日のため後場データ欠損,J-Quants収録開始日(2008-05-07)。前場初値あり(O=MO=490)、全フラグ0、後場データ未収録と推定
2008-05-07 00:00:00,97640,118.0,118.0,,0.0,0.0,0.0,0.0,0.0,0.0,データ収録開始初日のため後場データ欠損,J-Quants収録開始日(2008-05-07)。前場初値あり(O=MO=118)、全フラグ0、後場データ未収録と推定
2008-05-07 00:00:00,16220,16890.0,,16890.0,0.0,0.0,0.0,0.0,0.0,0.0,データ収録開始初日のため前場データ欠損,J-Quants収録開始日(2008-05-07)。後場初値あり(O=AO=16890)、全フラグ0、前場データ未収録と推定
2008-05-07 00:00:00,37530,60000.0,,60000.0,0.0,0.0,0.0,0.0,0.0,0.0,データ収録開始初日のため前場データ欠損,J-Quants収録開始日(2008-05-07)。後場初値あり(O=AO=60000)、全フラグ0、前場データ未収録と推定
2008-05-07 00:00:00,17640,,,,0.0,0.0,0.0,0.0,0.0,0.0,データ収録開始初日のため上場初日データ欠損,J-Quants収録開始日(2008-05-07)。全セッションNULL、全ストップフラグ0。データ未収録と推定
2008-05-07 00:00:00,97670,95.0,,95.0,0.0,0.0,0.0,0.0,0.0,0.0,データ収録開始初日のため前場データ欠損,J-Quants収録開始日(2008-05-07)。後場初値あり(O=AO=95)、全フラグ0、前場データ未収録と推定
2008-05-07 00:00:00,80460,235.0,,235.0,0.0,0.0,0.0,0.0,0.0,0.0,データ収録開始初日のため前場データ欠損,J-Quants収録開始日(2008-05-07)。後場初値あり(O=AO=235)、全フラグ0、前場データ未収録と推定
2008-05-07 00:00:00,61440,,,,0.0,0.0,0.0,0.0,0.0,0.0,データ収録開始初日のため上場初日データ欠損,J-Quants収録開始日(2008-05-07)。全セッションNULL、全ストップフラグ0。データ未収録と推定
2008-05-07 00:00:00,93550,176.0,176.0,,0.0,0.0,0.0,0.0,0.0,0.0,データ収録開始初日のため後場データ欠損,J-Quants収録開始日(2008-05-07)。前場初値あり(O=MO=176)、全フラグ0、後場データ未収録と推定
2008-05-07 00:00:00,57290,253.0,,253.0,0.0,0.0,0.0,0.0,0.0,0.0,データ収録開始初日のため前場データ欠損,J-Quants収録開始日(2008-05-07)。後場初値あり(O=AO=253)、全フラグ0、前場データ未収録と推定
2008-05-07 00:00:00,17670,,,,0.0,0.0,0.0,0.0,0.0,0.0,データ収録開始初日のため上場初日データ欠損,J-Quants収録開始日(2008-05-07)。全セッションNULL、全ストップフラグ0。データ未収録と推定
2008-05-07 00:00:00,26080,171.0,171.0,,0.0,0.0,0.0,0.0,0.0,0.0,データ収録開始初日のため後場データ欠損,J-Quants収録開始日(2008-05-07)。前場初値あり(O=MO=171)、全フラグ0、後場データ未収録と推定
2008-05-07 00:00:00,47130,1090.0,,1090.0,0.0,0.0,0.0,0.0,0.0,0.0,データ収録開始初日のため前場データ欠損,J-Quants収録開始日(2008-05-07)。後場初値あり(O=AO=1090)、全フラグ0、前場データ未収録と推定
2008-05-07 00:00:00,47660,92.0,92.0,,0.0,0.0,0.0,0.0,0.0,0.0,データ収録開始初日のため後場データ欠損,J-Quants収録開始日(2008-05-07)。前場初値あり(O=MO=92)、全フラグ0、後場データ未収録と推定
2008-05-07 00:00:00,59560,223.0,,223.0,0.0,0.0,0.0,0.0,0.0,0.0,データ収録開始初日のため前場データ欠損,J-Quants収録開始日(2008-05-07)。後場初値あり(O=AO=223)、全フラグ0、前場データ未収録と推定
2008-05-07 00:00:00,86890,,,,0.0,0.0,0.0,0.0,0.0,0.0,データ収録開始初日のため上場初日データ欠損,J-Quants収録開始日(2008-05-07)。全セッションNULL、全ストップフラグ0。データ未収録と推定
2008-05-07 00:00:00,45260,3090.0,,3090.0,0.0,0.0,0.0,0.0,0.0,0.0,データ収録開始初日のため前場データ欠損,J-Quants収録開始日(2008-05-07)。後場初値あり(O=AO=3090)、全フラグ0、前場データ未収録と推定
2008-05-07 00:00:00,92330,450.0,450.0,,0.0,0.0,0.0,0.0,0.0,0.0,データ収録開始初日のため後場データ欠損,J-Quants収録開始日(2008-05-07)。前場初値あり(O=MO=450)、全フラグ0、後場データ未収録と推定
2008-05-07 00:00:00,68480,426.0,426.0,,0.0,0.0,0.0,0.0,0.0,0.0,データ収録開始初日のため後場データ欠損,J-Quants収録開始日(2008-05-07)。前場初値あり(O=MO=426)、全フラグ0、後場データ未収録と推定
2008-05-07 00:00:00,23510,31950.0,,31950.0,1.0,0.0,0.0,0.0,1.0,0.0,データ収録開始初日のため前場データ欠損,J-Quants収録開始日(2008-05-07)。後場初値あり(O=AO=31950)、全フラグ0、前場データ未収録と推定
2008-05-07 00:00:00,21140,265.0,,265.0,0.0,0.0,0.0,0.0,0.0,0.0,データ収録開始初日のため前場データ欠損,J-Quants収録開始日(2008-05-07)。後場初値あり(O=AO=265)、全フラグ0、前場データ未収録と推定
2008-05-07 00:00:00,28920,222.0,,222.0,0.0,0.0,0.0,0.0,0.0,0.0,データ収録開始初日のため前場データ欠損,J-Quants収録開始日(2008-05-07)。後場初値あり(O=AO=222)、全フラグ0、前場データ未収録と推定
2008-05-07 00:00:00,68940,146.0,146.0,,0.0,0.0,0.0,0.0,0.0,0.0,データ収録開始初日のため後場データ欠損,J-Quants収録開始日(2008-05-07)。前場初値あり(O=MO=146)、全フラグ0、後場データ未収録と推定
2008-05-07 00:00:00,96240,324.0,324.0,,0.0,0.0,0.0,0.0,0.0,0.0,データ収録開始初日のため後場データ欠損,J-Quants収録開始日(2008-05-07)。前場初値あり(O=MO=324)、全フラグ0、後場データ未収録と推定
2008-05-07 00:00:00,95350,305.0,305.0,,0.0,0.0,0.0,0.0,0.0,0.0,データ収録開始初日のため後場データ欠損,J-Quants収録開始日(2008-05-07)。前場初値あり(O=MO=305)、全フラグ0、後場データ未収録と推定
2008-05-07 00:00:00,86850,4970.0,4970.0,,0.0,0.0,0.0,0.0,0.0,0.0,データ収録開始初日のため後場データ欠損,J-Quants収録開始日(2008-05-07)。前場初値あり(O=MO=4970)、全フラグ0、後場データ未収録と推定
2008-05-07 00:00:00,51610,991.0,991.0,,0.0,0.0,0.0,0.0,0.0,0.0,データ収録開始初日のため後場データ欠損,J-Quants収録開始日(2008-05-07)。前場初値あり(O=MO=991)、全フラグ0、後場データ未収録と推定
2008-05-07 00:00:00,22910,,,,0.0,0.0,0.0,0.0,0.0,0.0,データ収録開始初日のため上場初日データ欠損,J-Quants収録開始日(2008-05-07)。全セッションNULL、全ストップフラグ0。データ未収録と推定
2008-05-07 00:00:00,80790,446.0,,446.0,0.0,0.0,0.0,0.0,0.0,0.0,データ収録開始初日のため前場データ欠損,J-Quants収録開始日(2008-05-07)。後場初値あり(O=AO=446)、全フラグ0、前場データ未収録と推定
2008-05-07 00:00:00,98320,2710.0,,2710.0,0.0,0.0,0.0,0.0,0.0,0.0,データ収録開始初日のため前場データ欠損,J-Quants収録開始日(2008-05-07)。後場初値あり(O=AO=2710)、全フラグ0、前場データ未収録と推定
2008-05-07 00:00:00,78220,230.0,,230.0,0.0,0.0,0.0,0.0,0.0,0.0,データ収録開始初日のため前場データ欠損,J-Quants収録開始日(2008-05-07)。後場初値あり(O=AO=230)、全フラグ0、前場データ未収録と推定
2008-05-07 00:00:00,16280,15200.0,,15200.0,0.0,0.0,0.0,0.0,0.0,0.0,データ収録開始初日のため前場データ欠損,J-Quants収録開始日(2008-05-07)。後場初値あり(O=AO=15200)、全フラグ0、前場データ未収録と推定
2008-05-07 00:00:00,16240,25630.0,25630.0,,0.0,0.0,0.0,0.0,0.0,0.0,データ収録開始初日のため後場データ欠損,J-Quants収録開始日(2008-05-07)。前場初値あり(O=MO=25630)、全フラグ0、後場データ未収録と推定
2008-05-07 00:00:00,91740,121.0,121.0,,0.0,0.0,0.0,0.0,0.0,0.0,データ収録開始初日のため後場データ欠損,J-Quants収録開始日(2008-05-07)。前場初値あり(O=MO=121)、全フラグ0、後場データ未収録と推定
2008-05-07 00:00:00,20570,544.0,544.0,,0.0,0.0,0.0,0.0,0.0,0.0,データ収録開始初日のため後場データ欠損,J-Quants収録開始日(2008-05-07)。前場初値あり(O=MO=544)、全フラグ0、後場データ未収録と推定
2008-05-07 00:00:00,61120,,,,0.0,0.0,0.0,0.0,0.0,0.0,データ収録開始初日のため上場初日データ欠損,J-Quants収録開始日(2008-05-07)。全セッションNULL、全ストップフラグ0。データ未収録と推定
2008-05-07 00:00:00,97990,960.0,960.0,,0.0,0.0,0.0,0.0,0.0,0.0,データ収録開始初日のため後場データ欠損,J-Quants収録開始日(2008-05-07)。前場初値あり(O=MO=960)、全フラグ0、後場データ未収録と推定
2008-05-07 00:00:00,21220,,,,0.0,0.0,0.0,0.0,0.0,0.0,データ収録開始初日のため上場初日データ欠損,J-Quants収録開始日(2008-05-07)。全セッションNULL、全ストップフラグ0。データ未収録と推定
2008-05-07 00:00:00,86650,,,,0.0,0.0,0.0,0.0,0.0,0.0,データ収録開始初日のため上場初日データ欠損,J-Quants収録開始日(2008-05-07)。全セッションNULL、全ストップフラグ0。データ未収録と推定
2008-05-07 00:00:00,35970,866.0,866.0,,0.0,0.0,0.0,0.0,0.0,0.0,データ収録開始初日のため後場データ欠損,J-Quants収録開始日(2008-05-07)。前場初値あり(O=MO=866)、全フラグ0、後場データ未収録と推定
2008-05-07 00:00:00,40940,740.0,740.0,,0.0,0.0,0.0,0.0,0.0,0.0,データ収録開始初日のため後場データ欠損,J-Quants収録開始日(2008-05-07)。前場初値あり(O=MO=740)、全フラグ0、後場データ未収録と推定
2008-05-07 00:00:00,91930,587.0,,587.0,0.0,0.0,0.0,0.0,0.0,0.0,データ収録開始初日のため前場データ欠損,J-Quants収録開始日(2008-05-07)。後場初値あり(O=AO=587)、全フラグ0、前場データ未収録と推定
2008-05-07 00:00:00,28310,885.0,885.0,,0.0,0.0,0.0,0.0,0.0,0.0,データ収録開始初日のため後場データ欠損,J-Quants収録開始日(2008-05-07)。前場初値あり(O=MO=885)、全フラグ0、後場データ未収録と推定
2008-05-07 00:00:00,99190,761.0,761.0,,0.0,0.0,0.0,0.0,0.0,0.0,データ収録開始初日のため後場データ欠損,J-Quants収録開始日(2008-05-07)。前場初値あり(O=MO=761)、全フラグ0、後場データ未収録と推定
2008-05-07 00:00:00,48500,,,,0.0,0.0,0.0,0.0,0.0,0.0,データ収録開始初日のため上場初日データ欠損,J-Quants収録開始日(2008-05-07)。全セッションNULL、全ストップフラグ0。データ未収録と推定
2008-05-07 00:00:00,16210,,,,0.0,0.0,0.0,0.0,0.0,0.0,データ収録開始初日のため上場初日データ欠損,J-Quants収録開始日(2008-05-07)。全セッションNULL、全ストップフラグ0。データ未収録と推定
2008-05-07 00:00:00,33920,130000.0,130000.0,,0.0,0.0,0.0,0.0,0.0,0.0,データ収録開始初日のため後場データ欠損,J-Quants収録開始日(2008-05-07)。前場初値あり(O=MO=130000)、全フラグ0、後場データ未収録と推定
2008-05-07 00:00:00,16270,13190.0,13190.0,,0.0,0.0,0.0,0.0,0.0,0.0,データ収録開始初日のため後場データ欠損,J-Quants収録開始日(2008-05-07)。前場初値あり(O=MO=13190)、全フラグ0、後場データ未収録と推定
2008-05-07 00:00:00,69920,278.0,,278.0,0.0,0.0,0.0,0.0,0.0,0.0,データ収録開始初日のため前場データ欠損,J-Quants収録開始日(2008-05-07)。後場初値あり(O=AO=278)、全フラグ0、前場データ未収録と推定
2008-05-07 00:00:00,19710,92.0,92.0,,0.0,0.0,0.0,0.0,0.0,0.0,データ収録開始初日のため後場データ欠損,J-Quants収録開始日(2008-05-07)。前場初値あり(O=MO=92)、全フラグ0、後場データ未収録と推定
2008-05-07 00:00:00,79200,,,,0.0,0.0,0.0,0.0,0.0,0.0,データ収録開始初日のため上場初日データ欠損,J-Quants収録開始日(2008-05-07)。全セッションNULL、全ストップフラグ0。データ未収録と推定
2008-05-07 00:00:00,43640,,,,0.0,0.0,0.0,0.0,0.0,0.0,データ収録開始初日のため上場初日データ欠損,J-Quants収録開始日(2008-05-07)。全セッションNULL、全ストップフラグ0。データ未収録と推定
2008-05-07 00:00:00,49870,626.0,,626.0,0.0,0.0,0.0,0.0,0.0,0.0,データ収録開始初日のため前場データ欠損,J-Quants収録開始日(2008-05-07)。後場初値あり(O=AO=626)、全フラグ0、前場データ未収録と推定
2008-05-07 00:00:00,66540,694.0,694.0,,0.0,0.0,0.0,0.0,0.0,0.0,データ収録開始初日のため後場データ欠損,J-Quants収録開始日(2008-05-07)。前場初値あり(O=MO=694)、全フラグ0、後場データ未収録と推定
2008-05-07 00:00:00,90170,,,,0.0,0.0,0.0,0.0,0.0,0.0,データ収録開始初日のため上場初日データ欠損,J-Quants収録開始日(2008-05-07)。全セッションNULL、全ストップフラグ0。データ未収録と推定
2008-05-07 00:00:00,59640,,,,0.0,0.0,0.0,0.0,0.0,0.0,データ収録開始初日のため上場初日データ欠損,J-Quants収録開始日(2008-05-07)。全セッションNULL、全ストップフラグ0。データ未収録と推定
2008-05-07 00:00:00,59190,480.0,,480.0,0.0,0.0,0.0,0.0,0.0,0.0,データ収録開始初日のため前場データ欠損,J-Quants収録開始日(2008-05-07)。後場初値あり(O=AO=480)、全フラグ0、前場データ未収録と推定
2008-05-07 00:00:00,46420,,,,0.0,0.0,0.0,0.0,0.0,0.0,データ収録開始初日のため上場初日データ欠損,J-Quants収録開始日(2008-05-07)。全セッションNULL、全ストップフラグ0。データ未収録と推定
2008-05-07 00:00:00,58160,,,,0.0,0.0,0.0,0.0,0.0,0.0,データ収録開始初日のため上場初日データ欠損,J-Quants収録開始日(2008-05-07)。全セッションNULL、全ストップフラグ0。データ未収録と推定
2008-05-07 00:00:00,75630,240.0,,240.0,0.0,0.0,0.0,0.0,0.0,0.0,データ収録開始初日のため前場データ欠損,J-Quants収録開始日(2008-05-07)。後場初値あり(O=AO=240)、全フラグ0、前場データ未収録と推定
2008-05-07 00:00:00,30111,,,,0.0,0.0,0.0,0.0,0.0,0.0,データ収録開始初日のため上場初日データ欠損,J-Quants収録開始日(2008-05-07)。全セッションNULL、全ストップフラグ0。データ未収録と推定
2008-05-07 00:00:00,28940,260.0,,260.0,0.0,0.0,0.0,0.0,0.0,0.0,データ収録開始初日のため前場データ欠損,J-Quants収録開始日(2008-05-07)。後場初値あり(O=AO=260)、全フラグ0、前場データ未収録と推定
2008-05-07 00:00:00,97480,293.0,293.0,,0.0,0.0,0.0,0.0,0.0,0.0,データ収録開始初日のため後場データ欠損,J-Quants収録開始日(2008-05-07)。前場初値あり(O=MO=293)、全フラグ0、後場データ未収録と推定
2008-05-07 00:00:00,95420,,,,0.0,0.0,0.0,0.0,0.0,0.0,データ収録開始初日のため上場初日データ欠損,J-Quants収録開始日(2008-05-07)。全セッションNULL、全ストップフラグ0。データ未収録と推定
2008-05-07 00:00:00,28980,,,,0.0,0.0,0.0,0.0,0.0,0.0,データ収録開始初日のため上場初日データ欠損,J-Quants収録開始日(2008-05-07)。全セッションNULL、全ストップフラグ0。データ未収録と推定
2008-05-07 00:00:00,82540,339.0,339.0,,0.0,0.0,0.0,0.0,0.0,0.0,データ収録開始初日のため後場データ欠損,J-Quants収録開始日(2008-05-07)。前場初値あり(O=MO=339)、全フラグ0、後場データ未収録と推定
2008-05-07 00:00:00,59330,,,,0.0,0.0,0.0,0.0,0.0,0.0,データ収録開始初日のため上場初日データ欠損,J-Quants収録開始日(2008-05-07)。全セッションNULL、全ストップフラグ0。データ未収録と推定
2008-05-07 00:00:00,28720,319.0,319.0,,0.0,0.0,0.0,0.0,0.0,0.0,データ収録開始初日のため後場データ欠損,J-Quants収録開始日(2008-05-07)。前場初値あり(O=MO=319)、全フラグ0、後場データ未収録と推定
2008-05-07 00:00:00,43420,2470.0,2470.0,,0.0,0.0,0.0,0.0,0.0,0.0,データ収録開始初日のため後場データ欠損,J-Quants収録開始日(2008-05-07)。前場初値あり(O=MO=2470)、全フラグ0、後場データ未収録と推定
2008-05-07 00:00:00,17730,217.0,,217.0,0.0,0.0,0.0,0.0,0.0,0.0,データ収録開始初日のため前場データ欠損,J-Quants収録開始日(2008-05-07)。後場初値あり(O=AO=217)、全フラグ0、前場データ未収録と推定
2008-05-07 00:00:00,16170,18050.0,18050.0,,0.0,0.0,0.0,0.0,0.0,0.0,データ収録開始初日のため後場データ欠損,J-Quants収録開始日(2008-05-07)。前場初値あり(O=MO=18050)、全フラグ0、後場データ未収録と推定
2008-05-07 00:00:00,41870,,,,0.0,0.0,0.0,0.0,0.0,0.0,データ収録開始初日のため上場初日データ欠損,J-Quants収録開始日(2008-05-07)。全セッションNULL、全ストップフラグ0。データ未収録と推定
2008-05-07 00:00:00,28050,,,,0.0,0.0,0.0,0.0,0.0,0.0,データ収録開始初日のため上場初日データ欠損,J-Quants収録開始日(2008-05-07)。全セッションNULL、全ストップフラグ0。データ未収録と推定
2008-05-07 00:00:00,72840,255.0,255.0,,0.0,0.0,0.0,0.0,0.0,0.0,データ収録開始初日のため後場データ欠損,J-Quants収録開始日(2008-05-07)。前場初値あり(O=MO=255)、全フラグ0、後場データ未収録と推定
2008-05-07 00:00:00,95390,,,,0.0,0.0,0.0,0.0,0.0,0.0,データ収録開始初日のため上場初日データ欠損,J-Quants収録開始日(2008-05-07)。全セッションNULL、全ストップフラグ0。データ未収録と推定
2008-05-07 00:00:00,93600,177.0,177.0,,0.0,0.0,0.0,0.0,0.0,0.0,データ収録開始初日のため後場データ欠損,J-Quants収録開始日(2008-05-07)。前場初値あり(O=MO=177)、全フラグ0、後場データ未収録と推定
2008-05-07 00:00:00,90330,335.0,335.0,,0.0,0.0,0.0,0.0,0.0,0.0,データ収録開始初日のため後場データ欠損,J-Quants収録開始日(2008-05-07)。前場初値あり(O=MO=335)、全フラグ0、後場データ未収録と推定
2008-05-07 00:00:00,16250,15210.0,,15210.0,0.0,0.0,0.0,0.0,0.0,0.0,データ収録開始初日のため前場データ欠損,J-Quants収録開始日(2008-05-07)。後場初値あり(O=AO=15210)、全フラグ0、前場データ未収録と推定
2008-05-07 00:00:00,19480,235.0,235.0,,0.0,0.0,0.0,0.0,0.0,0.0,データ収録開始初日のため後場データ欠損,J-Quants収録開始日(2008-05-07)。前場初値あり(O=MO=235)、全フラグ0、後場データ未収録と推定
2008-05-07 00:00:00,17260,,,,0.0,0.0,0.0,0.0,0.0,0.0,データ収録開始初日のため上場初日データ欠損,J-Quants収録開始日(2008-05-07)。全セッションNULL、全ストップフラグ0。データ未収録と推定
2008-05-07 00:00:00,86400,,,,0.0,0.0,0.0,0.0,0.0,0.0,データ収録開始初日のため上場初日データ欠損,J-Quants収録開始日(2008-05-07)。全セッションNULL、全ストップフラグ0。データ未収録と推定
2008-05-07 00:00:00,19870,,,,0.0,0.0,0.0,0.0,0.0,0.0,データ収録開始初日のため上場初日データ欠損,J-Quants収録開始日(2008-05-07)。全セッションNULL、全ストップフラグ0。データ未収録と推定
2008-05-07 00:00:00,39450,151.0,,151.0,0.0,0.0,0.0,0.0,0.0,0.0,データ収録開始初日のため前場データ欠損,J-Quants収録開始日(2008-05-07)。後場初値あり(O=AO=151)、全フラグ0、前場データ未収録と推定
2008-05-07 00:00:00,18460,,,,0.0,0.0,0.0,0.0,0.0,0.0,データ収録開始初日のため上場初日データ欠損,J-Quants収録開始日(2008-05-07)。全セッションNULL、全ストップフラグ0。データ未収録と推定
2008-05-07 00:00:00,60420,661.0,661.0,,0.0,0.0,0.0,0.0,0.0,0.0,データ収録開始初日のため後場データ欠損,J-Quants収録開始日(2008-05-07)。前場初値あり(O=MO=661)、全フラグ0、後場データ未収録と推定
2008-05-07 00:00:00,94810,,,,0.0,0.0,0.0,0.0,0.0,0.0,データ収録開始初日のため上場初日データ欠損,J-Quants収録開始日(2008-05-07)。全セッションNULL、全ストップフラグ0。データ未収録と推定
2008-05-07 00:00:00,96150,651.0,651.0,,0.0,0.0,0.0,0.0,0.0,0.0,データ収録開始初日のため後場データ欠損,J-Quants収録開始日(2008-05-07)。前場初値あり(O=MO=651)、全フラグ0、後場データ未収録と推定
2008-05-07 00:00:00,29230,,,,0.0,0.0,0.0,0.0,0.0,0.0,データ収録開始初日のため上場初日データ欠損,J-Quants収録開始日(2008-05-07)。全セッションNULL、全ストップフラグ0。データ未収録と推定
2008-05-07 00:00:00,50510,1380.0,,1380.0,0.0,0.0,0.0,0.0,0.0,0.0,データ収録開始初日のため前場データ欠損,J-Quants収録開始日(2008-05-07)。後場初値あり(O=AO=1380)、全フラグ0、前場データ未収録と推定
2008-05-07 00:00:00,81670,810.0,810.0,,0.0,0.0,0.0,0.0,0.0,0.0,データ収録開始初日のため後場データ欠損,J-Quants収録開始日(2008-05-07)。前場初値あり(O=MO=810)、全フラグ0、後場データ未収録と推定
2008-05-07 00:00:00,89450,98600.0,98600.0,,0.0,0.0,0.0,0.0,0.0,0.0,データ収録開始初日のため後場データ欠損,J-Quants収録開始日(2008-05-07)。前場初値あり(O=MO=98600)、全フラグ0、後場データ未収録と推定
2008-05-07 00:00:00,63210,,,,0.0,0.0,0.0,0.0,0.0,0.0,データ収録開始初日のため上場初日データ欠損,J-Quants収録開始日(2008-05-07)。全セッションNULL、全ストップフラグ0。データ未収録と推定
2008-05-07 00:00:00,16290,31600.0,31600.0,,0.0,0.0,0.0,0.0,0.0,0.0,データ収録開始初日のため後場データ欠損,J-Quants収録開始日(2008-05-07)。前場初値あり(O=MO=31600)、全フラグ0、後場データ未収録と推定
2008-05-07 00:00:00,99590,566.0,566.0,,0.0,0.0,0.0,0.0,0.0,0.0,データ収録開始初日のため後場データ欠損,J-Quants収録開始日(2008-05-07)。前場初値あり(O=MO=566)、全フラグ0、後場データ未収録と推定
2008-05-07 00:00:00,49990,,,,0.0,0.0,0.0,0.0,0.0,0.0,データ収録開始初日のため上場初日データ欠損,J-Quants収録開始日(2008-05-07)。全セッションNULL、全ストップフラグ0。データ未収録と推定
2008-05-07 00:00:00,95370,305.0,305.0,,0.0,0.0,0.0,0.0,0.0,0.0,データ収録開始初日のため後場データ欠損,J-Quants収録開始日(2008-05-07)。前場初値あり(O=MO=305)、全フラグ0、後場データ未収録と推定
2008-05-07 00:00:00,22160,,,,0.0,0.0,0.0,0.0,0.0,0.0,データ収録開始初日のため上場初日データ欠損,J-Quants収録開始日(2008-05-07)。全セッションNULL、全ストップフラグ0。データ未収録と推定
2008-05-07 00:00:00,96800,,,,0.0,0.0,0.0,0.0,0.0,0.0,データ収録開始初日のため上場初日データ欠損,J-Quants収録開始日(2008-05-07)。全セッションNULL、全ストップフラグ0。データ未収録と推定
2008-05-07 00:00:00,52680,545.0,,545.0,0.0,0.0,0.0,0.0,0.0,0.0,データ収録開始初日のため前場データ欠損,J-Quants収録開始日(2008-05-07)。後場初値あり(O=AO=545)、全フラグ0、前場データ未収録と推定
2008-05-07 00:00:00,36040,345.0,345.0,,0.0,0.0,0.0,0.0,0.0,0.0,データ収録開始初日のため後場データ欠損,J-Quants収録開始日(2008-05-07)。前場初値あり(O=MO=345)、全フラグ0、後場データ未収録と推定
2008-05-07 00:00:00,13180,,,,0.0,0.0,0.0,0.0,0.0,0.0,データ収録開始初日のため上場初日データ欠損,J-Quants収録開始日(2008-05-07)。全セッションNULL、全ストップフラグ0。データ未収録と推定
2008-05-07 00:00:00,14050,493.0,493.0,,0.0,0.0,0.0,0.0,0.0,0.0,データ収録開始初日のため後場データ欠損,J-Quants収録開始日(2008-05-07)。前場初値あり(O=MO=493)、全フラグ0、後場データ未収録と推定
2008-05-07 00:00:00,40960,300.0,300.0,,0.0,0.0,0.0,0.0,0.0,0.0,データ収録開始初日のため後場データ欠損,J-Quants収録開始日(2008-05-07)。前場初値あり(O=MO=300)、全フラグ0、後場データ未収録と推定
2008-05-07 00:00:00,59840,880.0,,880.0,0.0,0.0,0.0,0.0,0.0,0.0,データ収録開始初日のため前場データ欠損,J-Quants収録開始日(2008-05-07)。後場初値あり(O=AO=880)、全フラグ0、前場データ未収録と推定
2008-05-07 00:00:00,86860,7000.0,7000.0,,0.0,0.0,0.0,0.0,0.0,0.0,データ収録開始初日のため後場データ欠損,J-Quants収録開始日(2008-05-07)。前場初値あり(O=MO=7000)、全フラグ0、後場データ未収録と推定
2008-05-07 00:00:00,96610,4750.0,,4750.0,0.0,0.0,0.0,0.0,0.0,0.0,データ収録開始初日のため前場データ欠損,J-Quants収録開始日(2008-05-07)。後場初値あり(O=AO=4750)、全フラグ0、前場データ未収録と推定
2008-05-07 00:00:00,78790,298.0,,298.0,0.0,0.0,0.0,0.0,0.0,0.0,データ収録開始初日のため前場データ欠損,J-Quants収録開始日(2008-05-07)。後場初値あり(O=AO=298)、全フラグ0、前場データ未収録と推定
2008-05-07 00:00:00,19380,340.0,340.0,,0.0,0.0,0.0,0.0,0.0,0.0,データ収録開始初日のため後場データ欠損,J-Quants収録開始日(2008-05-07)。前場初値あり(O=MO=340)、全フラグ0、後場データ未収録と推定
2008-05-07 00:00:00,93610,,,,0.0,0.0,0.0,0.0,0.0,0.0,データ収録開始初日のため上場初日データ欠損,J-Quants収録開始日(2008-05-07)。全セッションNULL、全ストップフラグ0。データ未収録と推定
2008-05-07 00:00:00,13130,2410.0,,2410.0,0.0,0.0,0.0,0.0,0.0,0.0,データ収録開始初日のため前場データ欠損,J-Quants収録開始日(2008-05-07)。後場初値あり(O=AO=2410)、全フラグ0、前場データ未収録と推定
2008-05-07 00:00:00,99690,730.0,,730.0,0.0,0.0,0.0,0.0,0.0,0.0,データ収録開始初日のため前場データ欠損,J-Quants収録開始日(2008-05-07)。後場初値あり(O=AO=730)、全フラグ0、前場データ未収録と推定
2008-05-07 00:00:00,79850,100.0,100.0,,0.0,0.0,0.0,0.0,0.0,0.0,データ収録開始初日のため後場データ欠損,J-Quants収録開始日(2008-05-07)。前場初値あり(O=MO=100)、全フラグ0、後場データ未収録と推定
2008-05-07 00:00:00,84230,70600.0,,70600.0,1.0,0.0,0.0,0.0,1.0,0.0,データ収録開始初日のため前場データ欠損,J-Quants収録開始日(2008-05-07)。後場初値あり(O=AO=70600)、全フラグ0、前場データ未収録と推定
2008-05-07 00:00:00,53550,,,,0.0,0.0,0.0,0.0,0.0,0.0,データ収録開始初日のため上場初日データ欠損,J-Quants収録開始日(2008-05-07)。全セッションNULL、全ストップフラグ0。データ未収録と推定
2008-05-07 00:00:00,16320,,,,0.0,0.0,0.0,0.0,0.0,0.0,データ収録開始初日のため上場初日データ欠損,J-Quants収録開始日(2008-05-07)。全セッションNULL、全ストップフラグ0。データ未収録と推定
2008-05-07 00:00:00,68360,112000.0,112000.0,,0.0,0.0,0.0,0.0,0.0,0.0,データ収録開始初日のため後場データ欠損,J-Quants収録開始日(2008-05-07)。前場初値あり(O=MO=112000)、全フラグ0、後場データ未収録と推定
2008-05-07 00:00:00,37990,,,,0.0,0.0,0.0,0.0,0.0,0.0,データ収録開始初日のため上場初日データ欠損,J-Quants収録開始日(2008-05-07)。全セッションNULL、全ストップフラグ0。データ未収録と推定
2008-05-07 00:00:00,56100,194.0,194.0,,0.0,0.0,0.0,0.0,0.0,0.0,データ収録開始初日のため後場データ欠損,J-Quants収録開始日(2008-05-07)。前場初値あり(O=MO=194)、全フラグ0、後場データ未収録と推定
2008-05-07 00:00:00,16230,36600.0,36600.0,,0.0,0.0,0.0,0.0,0.0,0.0,データ収録開始初日のため後場データ欠損,J-Quants収録開始日(2008-05-07)。前場初値あり(O=MO=36600)、全フラグ0、後場データ未収録と推定
2008-05-07 00:00:00,69770,105.0,105.0,,0.0,0.0,0.0,0.0,0.0,0.0,データ収録開始初日のため後場データ欠損,J-Quants収録開始日(2008-05-07)。前場初値あり(O=MO=105)、全フラグ0、後場データ未収録と推定
2008-05-07 00:00:00,75440,701.0,701.0,,0.0,0.0,0.0,0.0,0.0,0.0,データ収録開始初日のため後場データ欠損,J-Quants収録開始日(2008-05-07)。前場初値あり(O=MO=701)、全フラグ0、後場データ未収録と推定
2008-05-07 00:00:00,96120,396.0,396.0,,0.0,0.0,0.0,0.0,0.0,0.0,データ収録開始初日のため後場データ欠損,J-Quants収録開始日(2008-05-07)。前場初値あり(O=MO=396)、全フラグ0、後場データ未収録と推定
2008-05-07 00:00:00,84390,977.0,,977.0,1.0,0.0,0.0,0.0,1.0,0.0,データ収録開始初日のため前場データ欠損,J-Quants収録開始日(2008-05-07)。後場初値あり(O=AO=977)、全フラグ0、前場データ未収録と推定
2008-05-07 00:00:00,95440,,,,0.0,0.0,0.0,0.0,0.0,0.0,データ収録開始初日のため上場初日データ欠損,J-Quants収録開始日(2008-05-07)。全セッションNULL、全ストップフラグ0。データ未収録と推定
2008-05-23 00:00:00,36270,,,,0.0,0.0,0.0,0.0,0.0,0.0,上場初日に終日値がつかなかった（特別買い気配・値幅制限未達）,O/MO/AO全NULL、全ストップフラグ0。需給不一致（特別買い気配）が終日継続したが値幅制限には到達せず取引不成立
2008-06-16 00:00:00,85180,,,,0.0,0.0,0.0,0.0,0.0,0.0,上場初日に終日値がつかなかった（特別買い気配・値幅制限未達）,O/MO/AO全NULL、全ストップフラグ0。需給不一致（特別買い気配）が終日継続したが値幅制限には到達せず取引不成立
2008-07-23 00:00:00,16400,35750.0,35750.0,,0.0,0.0,0.0,0.0,0.0,0.0,前場で初値成立・後場は値がつかなかった（後場特別買い気配継続・値幅制限未達）,O=MO=35750.0、AO=NULL、全ストップフラグ0。前場初値成立後も需要超過で後場も特別買い気配継続。ストップ高未達のまま引け
2008-07-23 00:00:00,16460,29600.0,29600.0,,0.0,0.0,0.0,0.0,0.0,0.0,前場で初値成立・後場は値がつかなかった（後場特別買い気配継続・値幅制限未達）,O=MO=29600.0、AO=NULL、全ストップフラグ0。前場初値成立後も需要超過で後場も特別買い気配継続。ストップ高未達のまま引け
2008-07-23 00:00:00,16340,17440.0,17440.0,,0.0,0.0,0.0,0.0,0.0,0.0,前場で初値成立・後場は値がつかなかった（後場特別買い気配継続・値幅制限未達）,O=MO=17440.0、AO=NULL、全ストップフラグ0。前場初値成立後も需要超過で後場も特別買い気配継続。ストップ高未達のまま引け
2008-07-23 00:00:00,16490,15450.0,15450.0,,0.0,0.0,0.0,0.0,0.0,0.0,前場で初値成立・後場は値がつかなかった（後場特別買い気配継続・値幅制限未達）,O=MO=15450.0、AO=NULL、全ストップフラグ0。前場初値成立後も需要超過で後場も特別買い気配継続。ストップ高未達のまま引け
2008-07-23 00:00:00,16500,26160.0,26160.0,,0.0,0.0,0.0,0.0,0.0,0.0,前場で初値成立・後場は値がつかなかった（後場特別買い気配継続・値幅制限未達）,O=MO=26160.0、AO=NULL、全ストップフラグ0。前場初値成立後も需要超過で後場も特別買い気配継続。ストップ高未達のまま引け
2008-07-23 00:00:00,16450,14810.0,14810.0,,0.0,0.0,0.0,0.0,0.0,0.0,前場で初値成立・後場は値がつかなかった（後場特別買い気配継続・値幅制限未達）,O=MO=14810.0、AO=NULL、全ストップフラグ0。前場初値成立後も需要超過で後場も特別買い気配継続。ストップ高未達のまま引け
2008-07-23 00:00:00,16410,23800.0,23800.0,,0.0,0.0,0.0,0.0,0.0,0.0,前場で初値成立・後場は値がつかなかった（後場特別買い気配継続・値幅制限未達）,O=MO=23800.0、AO=NULL、全ストップフラグ0。前場初値成立後も需要超過で後場も特別買い気配継続。ストップ高未達のまま引け
2008-07-29 00:00:00,50180,,,,0.0,0.0,0.0,0.0,0.0,0.0,上場初日に終日値がつかなかった（特別買い気配・値幅制限未達）,O/MO/AO全NULL、全ストップフラグ0。需給不一致（特別買い気配）が終日継続したが値幅制限には到達せず取引不成立
2008-08-07 00:00:00,21780,,,,0.0,0.0,0.0,0.0,0.0,0.0,上場初日に終日値がつかなかった（特別買い気配・値幅制限未達）,O/MO/AO全NULL、全ストップフラグ0。需給不一致（特別買い気配）が終日継続したが値幅制限には到達せず取引不成立
2008-09-12 00:00:00,43500,108000.0,108000.0,,0.0,0.0,0.0,0.0,0.0,0.0,前場で初値成立・後場は値がつかなかった（後場特別買い気配継続・値幅制限未達）,O=MO=108000.0、AO=NULL、全ストップフラグ0。前場初値成立後も需要超過で後場も特別買い気配継続。ストップ高未達のまま引け
2008-10-27 00:00:00,21830,,,,0.0,0.0,0.0,0.0,0.0,0.0,上場初日に終日値がつかなかった（特別買い気配・値幅制限未達）,O/MO/AO全NULL、全ストップフラグ0。需給不一致（特別買い気配）が終日継続したが値幅制限には到達せず取引不成立
2008-11-17 00:00:00,67300,308000.0,308000.0,,0.0,0.0,0.0,0.0,0.0,0.0,前場で初値成立・後場は値がつかなかった（後場特別買い気配継続・値幅制限未達）,O=MO=308000.0、AO=NULL、全ストップフラグ0。前場初値成立後も需要超過で後場も特別買い気配継続。ストップ高未達のまま引け
2008-12-18 00:00:00,33620,1368.0,,1368.0,0.0,0.0,0.0,0.0,0.0,0.0,前場で値がつかず後場で初値成立（後場初値・ストップ未達）,O=AO=1368.0、MO=NULL、全ストップフラグ0。前場は特別買い気配継続で取引不成立、後場に需給一致し初値成立
2008-12-19 00:00:00,33710,690.0,690.0,,0.0,0.0,0.0,0.0,0.0,0.0,前場で初値成立・後場は値がつかなかった（後場特別買い気配継続・値幅制限未達）,O=MO=690.0、AO=NULL、全ストップフラグ0。前場初値成立後も需要超過で後場も特別買い気配継続。ストップ高未達のまま引け
2009-02-06 00:00:00,52880,,,,0.0,0.0,0.0,0.0,0.0,0.0,上場初日に終日値がつかなかった（特別買い気配・値幅制限未達）,O/MO/AO全NULL、全ストップフラグ0。需給不一致（特別買い気配）が終日継続したが値幅制限には到達せず取引不成立
2009-04-02 00:00:00,36340,8000.0,,8000.0,0.0,1.0,0.0,0.0,0.0,1.0,前場で値がつかず後場で初値成立・後場ストップ安到達（公募割れIPO）,O=AO=8000.0、MO=NULL、LL=1/ALL=1、AUL=0。後場に初値成立後、売り圧力が強く後場ストップ安まで急落（公募価格割れ）
2009-04-02 00:00:00,96270,1660.0,1660.0,,0.0,0.0,0.0,0.0,0.0,0.0,前場で初値成立・後場は値がつかなかった（後場特別買い気配継続・値幅制限未達）,O=MO=1660.0、AO=NULL、全ストップフラグ0。前場初値成立後も需要超過で後場も特別買い気配継続。ストップ高未達のまま引け
2009-06-25 00:00:00,31530,550.0,,550.0,0.0,0.0,0.0,0.0,0.0,0.0,前場で値がつかず後場で初値成立（後場初値・ストップ未達）,O=AO=550.0、MO=NULL、全ストップフラグ0。前場は特別買い気配継続で取引不成立、後場に需給一致し初値成立
2009-07-17 00:00:00,21930,,,,0.0,0.0,0.0,0.0,0.0,0.0,上場初日に終日値がつかなかった（特別買い気配・値幅制限未達）,O/MO/AO全NULL、全ストップフラグ0。需給不一致（特別買い気配）が終日継続したが値幅制限には到達せず取引不成立
2009-08-24 00:00:00,16730,1348.0,,1348.0,0.0,0.0,0.0,0.0,0.0,0.0,前場で値がつかず後場で初値成立（後場初値・ストップ未達）,O=AO=1348.0、MO=NULL、全ストップフラグ0。前場は特別買い気配継続で取引不成立、後場に需給一致し初値成立
2009-08-24 00:00:00,16750,,,,0.0,0.0,0.0,0.0,0.0,0.0,上場初日に終日値がつかなかった（特別買い気配・値幅制限未達）,O/MO/AO全NULL、全ストップフラグ0。需給不一致（特別買い気配）が終日継続したが値幅制限には到達せず取引不成立
2009-08-24 00:00:00,16720,,,,0.0,0.0,0.0,0.0,0.0,0.0,上場初日に終日値がつかなかった（特別買い気配・値幅制限未達）,O/MO/AO全NULL、全ストップフラグ0。需給不一致（特別買い気配）が終日継続したが値幅制限には到達せず取引不成立
2009-09-17 00:00:00,45750,,,,0.0,0.0,0.0,0.0,0.0,0.0,上場初日に終日値がつかなかった（特別買い気配・値幅制限未達）,O/MO/AO全NULL、全ストップフラグ0。需給不一致（特別買い気配）が終日継続したが値幅制限には到達せず取引不成立
2009-12-16 00:00:00,49520,820.0,820.0,,0.0,0.0,0.0,0.0,0.0,0.0,前場で初値成立・後場は値がつかなかった（後場特別買い気配継続・値幅制限未達）,O=MO=820.0、AO=NULL、全ストップフラグ0。前場初値成立後も需要超過で後場も特別買い気配継続。ストップ高未達のまま引け
2010-03-03 00:00:00,87150,4000.0,,4000.0,0.0,0.0,0.0,0.0,0.0,0.0,前場で値がつかず後場で初値成立（後場初値・ストップ未達）,O=AO=4000.0、MO=NULL、全ストップフラグ0。前場は特別買い気配継続で取引不成立、後場に需給一致し初値成立
2010-03-19 00:00:00,16920,517.0,,517.0,0.0,0.0,0.0,0.0,0.0,0.0,前場で値がつかず後場で初値成立（後場初値・ストップ未達）,O=AO=517.0、MO=NULL、全ストップフラグ0。前場は特別買い気配継続で取引不成立、後場に需給一致し初値成立
2010-03-19 00:00:00,16910,3175.0,,3175.0,0.0,0.0,0.0,0.0,0.0,0.0,前場で値がつかず後場で初値成立（後場初値・ストップ未達）,O=AO=3175.0、MO=NULL、全ストップフラグ0。前場は特別買い気配継続で取引不成立、後場に需給一致し初値成立
2010-03-19 00:00:00,16970,1370.0,,1370.0,0.0,0.0,0.0,0.0,0.0,0.0,前場で値がつかず後場で初値成立（後場初値・ストップ未達）,O=AO=1370.0、MO=NULL、全ストップフラグ0。前場は特別買い気配継続で取引不成立、後場に需給一致し初値成立
2010-03-19 00:00:00,16850,1193.0,1193.0,,0.0,0.0,0.0,0.0,0.0,0.0,前場で初値成立・後場は値がつかなかった（後場特別買い気配継続・値幅制限未達）,O=MO=1193.0、AO=NULL、全ストップフラグ0。前場初値成立後も需要超過で後場も特別買い気配継続。ストップ高未達のまま引け
2010-03-19 00:00:00,16880,,,,0.0,0.0,0.0,0.0,0.0,0.0,上場初日に終日値がつかなかった（特別買い気配・値幅制限未達）,O/MO/AO全NULL、全ストップフラグ0。需給不一致（特別買い気配）が終日継続したが値幅制限には到達せず取引不成立
2010-03-19 00:00:00,16860,1666.0,,1666.0,0.0,0.0,0.0,0.0,0.0,0.0,前場で値がつかず後場で初値成立（後場初値・ストップ未達）,O=AO=1666.0、MO=NULL、全ストップフラグ0。前場は特別買い気配継続で取引不成立、後場に需給一致し初値成立
2010-04-01 00:00:00,87500,160000.0,,160000.0,0.0,0.0,0.0,0.0,0.0,0.0,前場で値がつかず後場で初値成立（後場初値・ストップ未達）,O=AO=160000.0、MO=NULL、全ストップフラグ0。前場は特別買い気配継続で取引不成立、後場に需給一致し初値成立
2010-06-04 00:00:00,37620,73500.0,73500.0,,0.0,0.0,0.0,0.0,0.0,0.0,前場で初値成立・後場は値がつかなかった（後場特別買い気配継続・値幅制限未達）,O=MO=73500.0、AO=NULL、全ストップフラグ0。前場初値成立後も需要超過で後場も特別買い気配継続。ストップ高未達のまま引け
2010-07-27 00:00:00,89790,,,,0.0,0.0,0.0,0.0,0.0,0.0,上場初日に終日値がつかなかった（特別買い気配・値幅制限未達）,O/MO/AO全NULL、全ストップフラグ0。需給不一致（特別買い気配）が終日継続したが値幅制限には到達せず取引不成立
2010-10-22 00:00:00,45711,,,,0.0,0.0,0.0,0.0,0.0,0.0,上場初日に終日値がつかなかった（特別買い気配・値幅制限未達）,O/MO/AO全NULL、全ストップフラグ0。需給不一致（特別買い気配）が終日継続したが値幅制限には到達せず取引不成立
2010-12-01 00:00:00,60500,3000.0,,3000.0,0.0,0.0,0.0,0.0,0.0,0.0,前場で値がつかず後場で初値成立（後場初値・ストップ未達）,O=AO=3000.0、MO=NULL、全ストップフラグ0。前場は特別買い気配継続で取引不成立、後場に需給一致し初値成立
2010-12-21 00:00:00,36450,1750.0,,1750.0,0.0,0.0,0.0,0.0,0.0,0.0,前場で値がつかず後場で初値成立（後場初値・ストップ未達）,O=AO=1750.0、MO=NULL、全ストップフラグ0。前場は特別買い気配継続で取引不成立、後場に需給一致し初値成立
2011-03-03 00:00:00,36460,5530.0,,5530.0,0.0,0.0,0.0,0.0,0.0,0.0,前場で値がつかず後場で初値成立（後場初値・ストップ未達）,O=AO=5530.0、MO=NULL、全ストップフラグ0。前場は特別買い気配継続で取引不成立、後場に需給一致し初値成立
2011-03-18 00:00:00,45520,,,,0.0,0.0,0.0,0.0,0.0,0.0,上場初日に終日値がつかなかった（特別買い気配・値幅制限未達）,O/MO/AO全NULL、全ストップフラグ0。需給不一致（特別買い気配）が終日継続したが値幅制限には到達せず取引不成立
2011-07-21 00:00:00,36530,,,,0.0,0.0,0.0,0.0,0.0,0.0,上場初日に終日値がつかなかった（特別買い気配・値幅制限未達）,O/MO/AO全NULL、全ストップフラグ0。需給不一致（特別買い気配）が終日継続したが値幅制限には到達せず取引不成立
2011-08-26 00:00:00,30910,2180.0,,2180.0,0.0,0.0,0.0,0.0,0.0,0.0,前場で値がつかず後場で初値成立（後場初値・ストップ未達）,O=AO=2180.0、MO=NULL、全ストップフラグ0。前場は特別買い気配継続で取引不成立、後場に需給一致し初値成立
2011-09-05 00:00:00,77300,2681.0,,2681.0,0.0,0.0,0.0,0.0,0.0,0.0,前場で値がつかず後場で初値成立（後場初値・ストップ未達）,O=AO=2681.0、MO=NULL、全ストップフラグ0。前場は特別買い気配継続で取引不成立、後場に需給一致し初値成立
2011-09-15 00:00:00,90290,,,,0.0,0.0,0.0,0.0,0.0,0.0,上場初日に終日値がつかなかった（特別買い気配・値幅制限未達）,O/MO/AO全NULL、全ストップフラグ0。需給不一致（特別買い気配）が終日継続したが値幅制限には到達せず取引不成立
2011-09-22 00:00:00,36550,,,,0.0,0.0,0.0,0.0,0.0,0.0,上場初日に終日値がつかなかった（特別買い気配・値幅制限未達）,O/MO/AO全NULL、全ストップフラグ0。需給不一致（特別買い気配）が終日継続したが値幅制限には到達せず取引不成立
2011-09-27 00:00:00,36560,3970.0,,3970.0,0.0,0.0,0.0,0.0,0.0,0.0,前場で値がつかず後場で初値成立（後場初値・ストップ未達）,O=AO=3970.0、MO=NULL、全ストップフラグ0。前場は特別買い気配継続で取引不成立、後場に需給一致し初値成立
2011-10-03 00:00:00,71480,1850.0,,1850.0,0.0,0.0,0.0,0.0,0.0,0.0,前場で値がつかず後場で初値成立（後場初値・ストップ未達）,O=AO=1850.0、MO=NULL、全ストップフラグ0。前場は特別買い気配継続で取引不成立、後場に需給一致し初値成立
2011-10-28 00:00:00,36580,,,,0.0,0.0,0.0,0.0,0.0,0.0,上場初日に終日値がつかなかった（特別買い気配・値幅制限未達）,O/MO/AO全NULL、全ストップフラグ0。需給不一致（特別買い気配）が終日継続したが値幅制限には到達せず取引不成立
2011-12-07 00:00:00,60540,1800.0,,1800.0,1.0,0.0,0.0,0.0,1.0,0.0,前場で値がつかず後場で初値成立・後場ストップ高到達（人気IPO）,O=AO=1800.0、MO=NULL、UL=1/AUL=1、ALL=0。前場は特別買い気配継続、後場で需給一致し初値成立。後場でストップ高到達
2012-03-02 00:00:00,46360,1045.0,,1045.0,0.0,0.0,0.0,0.0,0.0,0.0,前場で値がつかず後場で初値成立（後場初値・ストップ未達）,O=AO=1045.0、MO=NULL、全ストップフラグ0。前場は特別買い気配継続で取引不成立、後場に需給一致し初値成立
2012-03-08 00:00:00,36600,1630.0,,1630.0,0.0,0.0,0.0,0.0,0.0,0.0,前場で値がつかず後場で初値成立（後場初値・ストップ未達）,O=AO=1630.0、MO=NULL、全ストップフラグ0。前場は特別買い気配継続で取引不成立、後場に需給一致し初値成立
2012-03-22 00:00:00,49260,,,,0.0,0.0,0.0,0.0,0.0,0.0,上場初日に終日値がつかなかった（特別買い気配・値幅制限未達）,O/MO/AO全NULL、全ストップフラグ0。需給不一致（特別買い気配）が終日継続したが値幅制限には到達せず取引不成立
2012-03-28 00:00:00,37501,,,,0.0,0.0,0.0,0.0,0.0,0.0,上場初日に終日値がつかなかった（特別買い気配・値幅制限未達）,O/MO/AO全NULL、全ストップフラグ0。需給不一致（特別買い気配）が終日継続したが値幅制限には到達せず取引不成立
2012-03-29 00:00:00,26120,2045.0,,2045.0,0.0,0.0,0.0,0.0,0.0,0.0,前場で値がつかず後場で初値成立（後場初値・ストップ未達）,O=AO=2045.0、MO=NULL、全ストップフラグ0。前場は特別買い気配継続で取引不成立、後場に需給一致し初値成立
2012-04-04 00:00:00,36620,,,,0.0,0.0,0.0,0.0,0.0,0.0,上場初日に終日値がつかなかった（特別買い気配・値幅制限未達）,O/MO/AO全NULL、全ストップフラグ0。需給不一致（特別買い気配）が終日継続したが値幅制限には到達せず取引不成立
2012-05-28 00:00:00,67850,645.0,,645.0,0.0,0.0,0.0,0.0,0.0,0.0,前場で値がつかず後場で初値成立（後場初値・ストップ未達）,O=AO=645.0、MO=NULL、全ストップフラグ0。前場は特別買い気配継続で取引不成立、後場に需給一致し初値成立
2012-05-28 00:00:00,87320,,,,0.0,0.0,0.0,0.0,0.0,0.0,上場初日に終日値がつかなかった（特別買い気配・値幅制限未達）,O/MO/AO全NULL、全ストップフラグ0。需給不一致（特別買い気配）が終日継続したが値幅制限には到達せず取引不成立
2012-05-30 00:00:00,29240,492.0,,492.0,0.0,0.0,0.0,0.0,0.0,0.0,前場で値がつかず後場で初値成立（後場初値・ストップ未達）,O=AO=492.0、MO=NULL、全ストップフラグ0。前場は特別買い気配継続で取引不成立、後場に需給一致し初値成立
2012-06-26 00:00:00,36640,,,,0.0,0.0,0.0,0.0,0.0,0.0,上場初日に終日値がつかなかった（特別買い気配・値幅制限未達）,O/MO/AO全NULL、全ストップフラグ0。需給不一致（特別買い気配）が終日継続したが値幅制限には到達せず取引不成立
2012-07-02 00:00:00,22300,2000.0,2000.0,,0.0,0.0,0.0,0.0,0.0,0.0,前場で初値成立・後場は値がつかなかった（後場特別買い気配継続・値幅制限未達）,O=MO=2000.0、AO=NULL、全ストップフラグ0。前場初値成立後も需要超過で後場も特別買い気配継続。ストップ高未達のまま引け
2012-07-02 00:00:00,45800,,,,0.0,0.0,0.0,0.0,0.0,0.0,上場初日に終日値がつかなかった（特別買い気配・値幅制限未達）,O/MO/AO全NULL、全ストップフラグ0。需給不一致（特別買い気配）が終日継続したが値幅制限には到達せず取引不成立
2012-07-19 00:00:00,94190,2311.0,,2311.0,0.0,1.0,0.0,0.0,0.0,1.0,前場で値がつかず後場で初値成立・後場ストップ安到達（公募割れIPO）,O=AO=2311.0、MO=NULL、LL=1/ALL=1、AUL=0。後場に初値成立後、売り圧力が強く後場ストップ安まで急落（公募価格割れ）
2012-07-24 00:00:00,36650,4030.0,,4030.0,0.0,0.0,0.0,0.0,0.0,0.0,前場で値がつかず後場で初値成立（後場初値・ストップ未達）,O=AO=4030.0、MO=NULL、全ストップフラグ0。前場は特別買い気配継続で取引不成立、後場に需給一致し初値成立
2012-07-24 00:00:00,36540,,,,0.0,0.0,0.0,0.0,0.0,0.0,上場初日に終日値がつかなかった（特別買い気配・値幅制限未達）,O/MO/AO全NULL、全ストップフラグ0。需給不一致（特別買い気配）が終日継続したが値幅制限には到達せず取引不成立
2012-09-12 00:00:00,21690,,,,0.0,0.0,0.0,0.0,0.0,0.0,上場初日に終日値がつかなかった（特別買い気配・値幅制限未達）,O/MO/AO全NULL、全ストップフラグ0。需給不一致（特別買い気配）が終日継続したが値幅制限には到達せず取引不成立
2012-09-25 00:00:00,60660,6300.0,6300.0,,0.0,0.0,0.0,0.0,0.0,0.0,前場で初値成立・後場は値がつかなかった（後場特別買い気配継続・値幅制限未達）,O=MO=6300.0、AO=NULL、全ストップフラグ0。前場初値成立後も需要超過で後場も特別買い気配継続。ストップ高未達のまま引け
2012-09-28 00:00:00,60670,2120.0,,2120.0,0.0,0.0,0.0,0.0,0.0,0.0,前場で値がつかず後場で初値成立（後場初値・ストップ未達）,O=AO=2120.0、MO=NULL、全ストップフラグ0。前場は特別買い気配継続で取引不成立、後場に需給一致し初値成立
2012-10-19 00:00:00,60690,,,,0.0,0.0,0.0,0.0,0.0,0.0,上場初日に終日値がつかなかった（特別買い気配・値幅制限未達）,O/MO/AO全NULL、全ストップフラグ0。需給不一致（特別買い気配）が終日継続したが値幅制限には到達せず取引不成立
2012-11-15 00:00:00,60700,,,,0.0,0.0,0.0,0.0,0.0,0.0,上場初日に終日値がつかなかった（特別買い気配・値幅制限未達）,O/MO/AO全NULL、全ストップフラグ0。需給不一致（特別買い気配）が終日継続したが値幅制限には到達せず取引不成立
2012-11-16 00:00:00,38440,,,,0.0,0.0,0.0,0.0,0.0,0.0,上場初日に終日値がつかなかった（特別買い気配・値幅制限未達）,O/MO/AO全NULL、全ストップフラグ0。需給不一致（特別買い気配）が終日継続したが値幅制限には到達せず取引不成立
2012-11-21 00:00:00,32800,2513.0,,2513.0,0.0,1.0,0.0,0.0,0.0,1.0,前場で値がつかず後場で初値成立・後場ストップ安到達（公募割れIPO）,O=AO=2513.0、MO=NULL、LL=1/ALL=1、AUL=0。後場に初値成立後、売り圧力が強く後場ストップ安まで急落（公募価格割れ）
2012-11-27 00:00:00,28820,964.0,964.0,,0.0,0.0,0.0,0.0,0.0,0.0,前場で初値成立・後場は値がつかなかった（後場特別買い気配継続・値幅制限未達）,O=MO=964.0、AO=NULL、全ストップフラグ0。前場初値成立後も需要超過で後場も特別買い気配継続。ストップ高未達のまま引け
2012-12-07 00:00:00,32760,,,,0.0,0.0,0.0,0.0,0.0,0.0,上場初日に終日値がつかなかった（特別買い気配・値幅制限未達）,O/MO/AO全NULL、全ストップフラグ0。需給不一致（特別買い気配）が終日継続したが値幅制限には到達せず取引不成立
2012-12-11 00:00:00,36670,,,,0.0,0.0,0.0,0.0,0.0,0.0,上場初日に終日値がつかなかった（特別買い気配・値幅制限未達）,O/MO/AO全NULL、全ストップフラグ0。需給不一致（特別買い気配）が終日継続したが値幅制限には到達せず取引不成立
2012-12-13 00:00:00,36680,5650.0,,5650.0,0.0,0.0,0.0,0.0,0.0,0.0,前場で値がつかず後場で初値成立（後場初値・ストップ未達）,O=AO=5650.0、MO=NULL、全ストップフラグ0。前場は特別買い気配継続で取引不成立、後場に需給一致し初値成立
2012-12-19 00:00:00,36690,7000.0,,7000.0,0.0,0.0,0.0,0.0,0.0,0.0,前場で値がつかず後場で初値成立（後場初値・ストップ未達）,O=AO=7000.0、MO=NULL、全ストップフラグ0。前場は特別買い気配継続で取引不成立、後場に需給一致し初値成立
2012-12-20 00:00:00,29310,,,,0.0,0.0,0.0,0.0,0.0,0.0,上場初日に終日値がつかなかった（特別買い気配・値幅制限未達）,O/MO/AO全NULL、全ストップフラグ0。需給不一致（特別買い気配）が終日継続したが値幅制限には到達せず取引不成立
2012-12-21 00:00:00,60720,1412.0,,1412.0,1.0,0.0,0.0,0.0,1.0,0.0,前場で値がつかず後場で初値成立・後場ストップ高到達（人気IPO）,O=AO=1412.0、MO=NULL、UL=1/AUL=1、ALL=0。前場は特別買い気配継続、後場で需給一致し初値成立。後場でストップ高到達
2013-02-13 00:00:00,45860,,,,0.0,0.0,0.0,0.0,0.0,0.0,上場初日に終日値がつかなかった（特別買い気配・値幅制限未達）,O/MO/AO全NULL、全ストップフラグ0。需給不一致（特別買い気配）が終日継続したが値幅制限には到達せず取引不成立
2013-02-14 00:00:00,31800,4160.0,,4160.0,1.0,0.0,0.0,0.0,1.0,0.0,前場で値がつかず後場で初値成立・後場ストップ高到達（人気IPO）,O=AO=4160.0、MO=NULL、UL=1/AUL=1、ALL=0。前場は特別買い気配継続、後場で需給一致し初値成立。後場でストップ高到達
2013-02-18 00:00:00,20330,10230.0,10230.0,,0.0,0.0,0.0,0.0,0.0,0.0,前場で初値成立・後場は値がつかなかった（後場特別買い気配継続・値幅制限未達）,O=MO=10230.0、AO=NULL、全ストップフラグ0。前場初値成立後も需要超過で後場も特別買い気配継続。ストップ高未達のまま引け
2013-03-12 00:00:00,36710,,,,0.0,0.0,0.0,0.0,0.0,0.0,上場初日に終日値がつかなかった（特別買い気配・値幅制限未達）,O/MO/AO全NULL、全ストップフラグ0。需給不一致（特別買い気配）が終日継続したが値幅制限には到達せず取引不成立
2013-03-13 00:00:00,31820,,,,0.0,0.0,0.0,0.0,0.0,0.0,上場初日に終日値がつかなかった（特別買い気配・値幅制限未達）,O/MO/AO全NULL、全ストップフラグ0。需給不一致（特別買い気配）が終日継続したが値幅制限には到達せず取引不成立
2013-03-14 00:00:00,36720,,,,0.0,0.0,0.0,0.0,0.0,0.0,上場初日に終日値がつかなかった（特別買い気配・値幅制限未達）,O/MO/AO全NULL、全ストップフラグ0。需給不一致（特別買い気配）が終日継続したが値幅制限には到達せず取引不成立
2013-03-15 00:00:00,25880,,,,0.0,0.0,0.0,0.0,0.0,0.0,上場初日に終日値がつかなかった（特別買い気配・値幅制限未達）,O/MO/AO全NULL、全ストップフラグ0。需給不一致（特別買い気配）が終日継続したが値幅制限には到達せず取引不成立
2013-04-03 00:00:00,22220,,,,0.0,0.0,0.0,0.0,0.0,0.0,上場初日に終日値がつかなかった（特別買い気配・値幅制限未達）,O/MO/AO全NULL、全ストップフラグ0。需給不一致（特別買い気配）が終日継続したが値幅制限には到達せず取引不成立
2013-04-04 00:00:00,48280,1400.0,,1400.0,0.0,0.0,0.0,0.0,0.0,0.0,前場で値がつかず後場で初値成立（後場初値・ストップ未達）,O=AO=1400.0、MO=NULL、全ストップフラグ0。前場は特別買い気配継続で取引不成立、後場に需給一致し初値成立
2013-04-19 00:00:00,20390,10210.0,10210.0,,0.0,0.0,0.0,0.0,0.0,0.0,前場で初値成立・後場は値がつかなかった（後場特別買い気配継続・値幅制限未達）,O=MO=10210.0、AO=NULL、全ストップフラグ0。前場初値成立後も需要超過で後場も特別買い気配継続。ストップ高未達のまま引け
2013-04-19 00:00:00,20380,9830.0,9830.0,,0.0,0.0,0.0,0.0,0.0,0.0,前場で初値成立・後場は値がつかなかった（後場特別買い気配継続・値幅制限未達）,O=MO=9830.0、AO=NULL、全ストップフラグ0。前場初値成立後も需要超過で後場も特別買い気配継続。ストップ高未達のまま引け
2013-04-25 00:00:00,36740,,,,0.0,0.0,0.0,0.0,0.0,0.0,上場初日に終日値がつかなかった（特別買い気配・値幅制限未達）,O/MO/AO全NULL、全ストップフラグ0。需給不一致（特別買い気配）が終日継続したが値幅制限には到達せず取引不成立
2013-06-11 00:00:00,45870,,,,0.0,0.0,0.0,0.0,0.0,0.0,上場初日に終日値がつかなかった（特別買い気配・値幅制限未達）,O/MO/AO全NULL、全ストップフラグ0。需給不一致（特別買い気配）が終日継続したが値幅制限には到達せず取引不成立
2013-06-24 00:00:00,62920,354.0,,354.0,0.0,0.0,0.0,0.0,0.0,0.0,前場で値がつかず後場で初値成立（後場初値・ストップ未達）,O=AO=354.0、MO=NULL、全ストップフラグ0。前場は特別買い気配継続で取引不成立、後場に需給一致し初値成立
2013-07-10 00:00:00,60750,,,,0.0,0.0,0.0,0.0,0.0,0.0,上場初日に終日値がつかなかった（特別買い気配・値幅制限未達）,O/MO/AO全NULL、全ストップフラグ0。需給不一致（特別買い気配）が終日継続したが値幅制限には到達せず取引不成立
2013-07-10 00:00:00,31850,5210.0,,5210.0,0.0,0.0,0.0,0.0,0.0,0.0,前場で値がつかず後場で初値成立（後場初値・ストップ未達）,O=AO=5210.0、MO=NULL、全ストップフラグ0。前場は特別買い気配継続で取引不成立、後場に需給一致し初値成立
2013-07-16 00:00:00,94410,2600.0,2600.0,,0.0,0.0,0.0,0.0,0.0,0.0,前場で初値成立・後場は値がつかなかった（後場特別買い気配継続・値幅制限未達）,O=MO=2600.0、AO=NULL、全ストップフラグ0。前場初値成立後も需要超過で後場も特別買い気配継続。ストップ高未達のまま引け
2013-07-16 00:00:00,62460,363.0,363.0,,0.0,0.0,0.0,0.0,0.0,0.0,前場で初値成立・後場は値がつかなかった（後場特別買い気配継続・値幅制限未達）,O=MO=363.0、AO=NULL、全ストップフラグ0。前場初値成立後も需要超過で後場も特別買い気配継続。ストップ高未達のまま引け
2013-07-16 00:00:00,42420,266.0,266.0,,0.0,0.0,0.0,0.0,0.0,0.0,前場で初値成立・後場は値がつかなかった（後場特別買い気配継続・値幅制限未達）,O=MO=266.0、AO=NULL、全ストップフラグ0。前場初値成立後も需要超過で後場も特別買い気配継続。ストップ高未達のまま引け
2013-07-16 00:00:00,29010,154.0,154.0,,0.0,0.0,0.0,0.0,0.0,0.0,前場で初値成立・後場は値がつかなかった（後場特別買い気配継続・値幅制限未達）,O=MO=154.0、AO=NULL、全ストップフラグ0。前場初値成立後も需要超過で後場も特別買い気配継続。ストップ高未達のまま引け
2013-07-16 00:00:00,99130,542.0,542.0,,0.0,0.0,0.0,0.0,0.0,0.0,前場で初値成立・後場は値がつかなかった（後場特別買い気配継続・値幅制限未達）,O=MO=542.0、AO=NULL、全ストップフラグ0。前場初値成立後も需要超過で後場も特別買い気配継続。ストップ高未達のまま引け
2013-07-16 00:00:00,63030,640.0,640.0,,0.0,0.0,0.0,0.0,0.0,0.0,前場で初値成立・後場は値がつかなかった（後場特別買い気配継続・値幅制限未達）,O=MO=640.0、AO=NULL、全ストップフラグ0。前場初値成立後も需要超過で後場も特別買い気配継続。ストップ高未達のまま引け
2013-07-16 00:00:00,46280,,,,0.0,0.0,0.0,0.0,0.0,0.0,上場初日に終日値がつかなかった（特別買い気配・値幅制限未達）,O/MO/AO全NULL、全ストップフラグ0。需給不一致（特別買い気配）が終日継続したが値幅制限には到達せず取引不成立
2013-07-16 00:00:00,30700,685.0,,685.0,0.0,0.0,0.0,0.0,0.0,0.0,前場で値がつかず後場で初値成立（後場初値・ストップ未達）,O=AO=685.0、MO=NULL、全ストップフラグ0。前場は特別買い気配継続で取引不成立、後場に需給一致し初値成立
2013-07-16 00:00:00,49700,418.0,418.0,,0.0,0.0,0.0,0.0,0.0,0.0,前場で初値成立・後場は値がつかなかった（後場特別買い気配継続・値幅制限未達）,O=MO=418.0、AO=NULL、全ストップフラグ0。前場初値成立後も需要超過で後場も特別買い気配継続。ストップ高未達のまま引け
2013-07-16 00:00:00,99270,,,,0.0,0.0,0.0,0.0,0.0,0.0,上場初日に終日値がつかなかった（特別買い気配・値幅制限未達）,O/MO/AO全NULL、全ストップフラグ0。需給不一致（特別買い気配）が終日継続したが値幅制限には到達せず取引不成立
2013-07-16 00:00:00,59000,618.0,618.0,,0.0,0.0,0.0,0.0,0.0,0.0,前場で初値成立・後場は値がつかなかった（後場特別買い気配継続・値幅制限未達）,O=MO=618.0、AO=NULL、全ストップフラグ0。前場初値成立後も需要超過で後場も特別買い気配継続。ストップ高未達のまま引け
2013-07-16 00:00:00,90120,190.0,190.0,,0.0,0.0,0.0,0.0,0.0,0.0,前場で初値成立・後場は値がつかなかった（後場特別買い気配継続・値幅制限未達）,O=MO=190.0、AO=NULL、全ストップフラグ0。前場初値成立後も需要超過で後場も特別買い気配継続。ストップ高未達のまま引け
2013-07-16 00:00:00,78770,216.0,,216.0,0.0,0.0,0.0,0.0,0.0,0.0,前場で値がつかず後場で初値成立（後場初値・ストップ未達）,O=AO=216.0、MO=NULL、全ストップフラグ0。前場は特別買い気配継続で取引不成立、後場に需給一致し初値成立
2013-07-16 00:00:00,46500,,,,0.0,0.0,0.0,0.0,0.0,0.0,上場初日に終日値がつかなかった（特別買い気配・値幅制限未達）,O/MO/AO全NULL、全ストップフラグ0。需給不一致（特別買い気配）が終日継続したが値幅制限には到達せず取引不成立
2013-07-16 00:00:00,74300,720.0,,720.0,0.0,0.0,0.0,0.0,0.0,0.0,前場で値がつかず後場で初値成立（後場初値・ストップ未達）,O=AO=720.0、MO=NULL、全ストップフラグ0。前場は特別買い気配継続で取引不成立、後場に需給一致し初値成立
2013-07-16 00:00:00,74350,536.0,,536.0,0.0,0.0,0.0,0.0,0.0,0.0,前場で値がつかず後場で初値成立（後場初値・ストップ未達）,O=AO=536.0、MO=NULL、全ストップフラグ0。前場は特別買い気配継続で取引不成立、後場に需給一致し初値成立
2013-07-16 00:00:00,74860,620.0,620.0,,0.0,0.0,0.0,0.0,0.0,0.0,前場で初値成立・後場は値がつかなかった（後場特別買い気配継続・値幅制限未達）,O=MO=620.0、AO=NULL、全ストップフラグ0。前場初値成立後も需要超過で後場も特別買い気配継続。ストップ高未達のまま引け
2013-07-16 00:00:00,38140,74900.0,74900.0,,0.0,0.0,0.0,0.0,0.0,0.0,前場で初値成立・後場は値がつかなかった（後場特別買い気配継続・値幅制限未達）,O=MO=74900.0、AO=NULL、全ストップフラグ0。前場初値成立後も需要超過で後場も特別買い気配継続。ストップ高未達のまま引け
2013-07-16 00:00:00,26580,129.0,129.0,,0.0,0.0,0.0,0.0,0.0,0.0,前場で初値成立・後場は値がつかなかった（後場特別買い気配継続・値幅制限未達）,O=MO=129.0、AO=NULL、全ストップフラグ0。前場初値成立後も需要超過で後場も特別買い気配継続。ストップ高未達のまま引け
2013-07-16 00:00:00,64330,,,,0.0,0.0,0.0,0.0,0.0,0.0,上場初日に終日値がつかなかった（特別買い気配・値幅制限未達）,O/MO/AO全NULL、全ストップフラグ0。需給不一致（特別買い気配）が終日継続したが値幅制限には到達せず取引不成立
2013-07-16 00:00:00,31730,612.0,,612.0,0.0,0.0,0.0,0.0,0.0,0.0,前場で値がつかず後場で初値成立（後場初値・ストップ未達）,O=AO=612.0、MO=NULL、全ストップフラグ0。前場は特別買い気配継続で取引不成立、後場に需給一致し初値成立
2013-07-16 00:00:00,99140,,,,0.0,0.0,0.0,0.0,0.0,0.0,上場初日に終日値がつかなかった（特別買い気配・値幅制限未達）,O/MO/AO全NULL、全ストップフラグ0。需給不一致（特別買い気配）が終日継続したが値幅制限には到達せず取引不成立
2013-07-16 00:00:00,68220,184.0,,184.0,0.0,0.0,0.0,0.0,0.0,0.0,前場で値がつかず後場で初値成立（後場初値・ストップ未達）,O=AO=184.0、MO=NULL、全ストップフラグ0。前場は特別買い気配継続で取引不成立、後場に需給一致し初値成立
2013-07-16 00:00:00,26110,,,,0.0,0.0,0.0,0.0,0.0,0.0,上場初日に終日値がつかなかった（特別買い気配・値幅制限未達）,O/MO/AO全NULL、全ストップフラグ0。需給不一致（特別買い気配）が終日継続したが値幅制限には到達せず取引不成立
2013-07-16 00:00:00,79390,309.0,,309.0,0.0,0.0,0.0,0.0,0.0,0.0,前場で値がつかず後場で初値成立（後場初値・ストップ未達）,O=AO=309.0、MO=NULL、全ストップフラグ0。前場は特別買い気配継続で取引不成立、後場に需給一致し初値成立
2013-07-16 00:00:00,97800,,,,0.0,0.0,0.0,0.0,0.0,0.0,上場初日に終日値がつかなかった（特別買い気配・値幅制限未達）,O/MO/AO全NULL、全ストップフラグ0。需給不一致（特別買い気配）が終日継続したが値幅制限には到達せず取引不成立
2013-07-16 00:00:00,63460,,,,0.0,0.0,0.0,0.0,0.0,0.0,上場初日に終日値がつかなかった（特別買い気配・値幅制限未達）,O/MO/AO全NULL、全ストップフラグ0。需給不一致（特別買い気配）が終日継続したが値幅制限には到達せず取引不成立
2013-07-16 00:00:00,62650,280.0,280.0,,0.0,0.0,0.0,0.0,0.0,0.0,前場で初値成立・後場は値がつかなかった（後場特別買い気配継続・値幅制限未達）,O=MO=280.0、AO=NULL、全ストップフラグ0。前場初値成立後も需要超過で後場も特別買い気配継続。ストップ高未達のまま引け
2013-07-16 00:00:00,82980,575.0,575.0,,0.0,0.0,0.0,0.0,0.0,0.0,前場で初値成立・後場は値がつかなかった（後場特別買い気配継続・値幅制限未達）,O=MO=575.0、AO=NULL、全ストップフラグ0。前場初値成立後も需要超過で後場も特別買い気配継続。ストップ高未達のまま引け
2013-07-16 00:00:00,46690,185.0,185.0,,0.0,0.0,0.0,0.0,0.0,0.0,前場で初値成立・後場は値がつかなかった（後場特別買い気配継続・値幅制限未達）,O=MO=185.0、AO=NULL、全ストップフラグ0。前場初値成立後も需要超過で後場も特別買い気配継続。ストップ高未達のまま引け
2013-07-16 00:00:00,88540,213.0,,213.0,0.0,0.0,0.0,0.0,0.0,0.0,前場で値がつかず後場で初値成立（後場初値・ストップ未達）,O=AO=213.0、MO=NULL、全ストップフラグ0。前場は特別買い気配継続で取引不成立、後場に需給一致し初値成立
2013-07-16 00:00:00,78780,,,,0.0,0.0,0.0,0.0,0.0,0.0,上場初日に終日値がつかなかった（特別買い気配・値幅制限未達）,O/MO/AO全NULL、全ストップフラグ0。需給不一致（特別買い気配）が終日継続したが値幅制限には到達せず取引不成立
2013-07-16 00:00:00,75090,685.0,,685.0,0.0,0.0,0.0,0.0,0.0,0.0,前場で値がつかず後場で初値成立（後場初値・ストップ未達）,O=AO=685.0、MO=NULL、全ストップフラグ0。前場は特別買い気配継続で取引不成立、後場に需給一致し初値成立
2013-07-16 00:00:00,30540,575.0,575.0,,0.0,0.0,0.0,0.0,0.0,0.0,前場で初値成立・後場は値がつかなかった（後場特別買い気配継続・値幅制限未達）,O=MO=575.0、AO=NULL、全ストップフラグ0。前場初値成立後も需要超過で後場も特別買い気配継続。ストップ高未達のまま引け
2013-07-16 00:00:00,47690,740.0,740.0,,0.0,0.0,0.0,0.0,0.0,0.0,前場で初値成立・後場は値がつかなかった（後場特別買い気配継続・値幅制限未達）,O=MO=740.0、AO=NULL、全ストップフラグ0。前場初値成立後も需要超過で後場も特別買い気配継続。ストップ高未達のまま引け
2013-07-16 00:00:00,33750,,,,0.0,0.0,0.0,0.0,0.0,0.0,上場初日に終日値がつかなかった（特別買い気配・値幅制限未達）,O/MO/AO全NULL、全ストップフラグ0。需給不一致（特別買い気配）が終日継続したが値幅制限には到達せず取引不成立
2013-07-16 00:00:00,82080,,,,0.0,0.0,0.0,0.0,0.0,0.0,上場初日に終日値がつかなかった（特別買い気配・値幅制限未達）,O/MO/AO全NULL、全ストップフラグ0。需給不一致（特別買い気配）が終日継続したが値幅制限には到達せず取引不成立
2013-07-16 00:00:00,42350,297.0,297.0,,0.0,0.0,0.0,0.0,0.0,0.0,前場で初値成立・後場は値がつかなかった（後場特別買い気配継続・値幅制限未達）,O=MO=297.0、AO=NULL、全ストップフラグ0。前場初値成立後も需要超過で後場も特別買い気配継続。ストップ高未達のまま引け
2013-07-16 00:00:00,55420,,,,0.0,0.0,0.0,0.0,0.0,0.0,上場初日に終日値がつかなかった（特別買い気配・値幅制限未達）,O/MO/AO全NULL、全ストップフラグ0。需給不一致（特別買い気配）が終日継続したが値幅制限には到達せず取引不成立
2013-07-16 00:00:00,49600,110.0,110.0,,0.0,0.0,0.0,0.0,0.0,0.0,前場で初値成立・後場は値がつかなかった（後場特別買い気配継続・値幅制限未達）,O=MO=110.0、AO=NULL、全ストップフラグ0。前場初値成立後も需要超過で後場も特別買い気配継続。ストップ高未達のまま引け
2013-07-16 00:00:00,19920,132.0,132.0,,0.0,0.0,0.0,0.0,0.0,0.0,前場で初値成立・後場は値がつかなかった（後場特別買い気配継続・値幅制限未達）,O=MO=132.0、AO=NULL、全ストップフラグ0。前場初値成立後も需要超過で後場も特別買い気配継続。ストップ高未達のまま引け
2013-07-16 00:00:00,79830,,,,0.0,0.0,0.0,0.0,0.0,0.0,上場初日に終日値がつかなかった（特別買い気配・値幅制限未達）,O/MO/AO全NULL、全ストップフラグ0。需給不一致（特別買い気配）が終日継続したが値幅制限には到達せず取引不成立
2013-07-16 00:00:00,86820,,,,0.0,0.0,0.0,0.0,0.0,0.0,上場初日に終日値がつかなかった（特別買い気配・値幅制限未達）,O/MO/AO全NULL、全ストップフラグ0。需給不一致（特別買い気配）が終日継続したが値幅制限には到達せず取引不成立
2013-07-16 00:00:00,17680,278.0,278.0,,0.0,0.0,0.0,0.0,0.0,0.0,前場で初値成立・後場は値がつかなかった（後場特別買い気配継続・値幅制限未達）,O=MO=278.0、AO=NULL、全ストップフラグ0。前場初値成立後も需要超過で後場も特別買い気配継続。ストップ高未達のまま引け
2013-07-16 00:00:00,17580,530.0,530.0,,0.0,0.0,0.0,0.0,0.0,0.0,前場で初値成立・後場は値がつかなかった（後場特別買い気配継続・値幅制限未達）,O=MO=530.0、AO=NULL、全ストップフラグ0。前場初値成立後も需要超過で後場も特別買い気配継続。ストップ高未達のまま引け
2013-07-16 00:00:00,97200,603.0,603.0,,0.0,0.0,0.0,0.0,0.0,0.0,前場で初値成立・後場は値がつかなかった（後場特別買い気配継続・値幅制限未達）,O=MO=603.0、AO=NULL、全ストップフラグ0。前場初値成立後も需要超過で後場も特別買い気配継続。ストップ高未達のまま引け
2013-07-16 00:00:00,49180,204.0,,204.0,0.0,0.0,0.0,0.0,0.0,0.0,前場で値がつかず後場で初値成立（後場初値・ストップ未達）,O=AO=204.0、MO=NULL、全ストップフラグ0。前場は特別買い気配継続で取引不成立、後場に需給一致し初値成立
2013-07-16 00:00:00,59690,155.0,,155.0,0.0,0.0,0.0,0.0,0.0,0.0,前場で値がつかず後場で初値成立（後場初値・ストップ未達）,O=AO=155.0、MO=NULL、全ストップフラグ0。前場は特別買い気配継続で取引不成立、後場に需給一致し初値成立
2013-07-16 00:00:00,98520,460.0,460.0,,0.0,0.0,0.0,0.0,0.0,0.0,前場で初値成立・後場は値がつかなかった（後場特別買い気配継続・値幅制限未達）,O=MO=460.0、AO=NULL、全ストップフラグ0。前場初値成立後も需要超過で後場も特別買い気配継続。ストップ高未達のまま引け
2013-07-16 00:00:00,74220,618.0,618.0,,0.0,0.0,0.0,0.0,0.0,0.0,前場で初値成立・後場は値がつかなかった（後場特別買い気配継続・値幅制限未達）,O=MO=618.0、AO=NULL、全ストップフラグ0。前場初値成立後も需要超過で後場も特別買い気配継続。ストップ高未達のまま引け
2013-07-16 00:00:00,42430,412.0,412.0,,0.0,0.0,0.0,0.0,0.0,0.0,前場で初値成立・後場は値がつかなかった（後場特別買い気配継続・値幅制限未達）,O=MO=412.0、AO=NULL、全ストップフラグ0。前場初値成立後も需要超過で後場も特別買い気配継続。ストップ高未達のまま引け
2013-07-16 00:00:00,17870,821.0,,821.0,0.0,0.0,0.0,0.0,0.0,0.0,前場で値がつかず後場で初値成立（後場初値・ストップ未達）,O=AO=821.0、MO=NULL、全ストップフラグ0。前場は特別買い気配継続で取引不成立、後場に需給一致し初値成立
2013-07-16 00:00:00,33700,53100.0,53100.0,,0.0,0.0,0.0,0.0,0.0,0.0,前場で初値成立・後場は値がつかなかった（後場特別買い気配継続・値幅制限未達）,O=MO=53100.0、AO=NULL、全ストップフラグ0。前場初値成立後も需要超過で後場も特別買い気配継続。ストップ高未達のまま引け
2013-07-16 00:00:00,99770,849.0,849.0,,0.0,0.0,0.0,0.0,0.0,0.0,前場で初値成立・後場は値がつかなかった（後場特別買い気配継続・値幅制限未達）,O=MO=849.0、AO=NULL、全ストップフラグ0。前場初値成立後も需要超過で後場も特別買い気配継続。ストップ高未達のまま引け
2013-07-16 00:00:00,99490,,,,0.0,0.0,0.0,0.0,0.0,0.0,上場初日に終日値がつかなかった（特別買い気配・値幅制限未達）,O/MO/AO全NULL、全ストップフラグ0。需給不一致（特別買い気配）が終日継続したが値幅制限には到達せず取引不成立
2013-07-16 00:00:00,68240,,,,0.0,0.0,0.0,0.0,0.0,0.0,上場初日に終日値がつかなかった（特別買い気配・値幅制限未達）,O/MO/AO全NULL、全ストップフラグ0。需給不一致（特別買い気配）が終日継続したが値幅制限には到達せず取引不成立
2013-07-16 00:00:00,68340,680.0,,680.0,0.0,0.0,0.0,0.0,0.0,0.0,前場で値がつかず後場で初値成立（後場初値・ストップ未達）,O=AO=680.0、MO=NULL、全ストップフラグ0。前場は特別買い気配継続で取引不成立、後場に需給一致し初値成立
2013-07-16 00:00:00,28130,227.0,227.0,,0.0,0.0,0.0,0.0,0.0,0.0,前場で初値成立・後場は値がつかなかった（後場特別買い気配継続・値幅制限未達）,O=MO=227.0、AO=NULL、全ストップフラグ0。前場初値成立後も需要超過で後場も特別買い気配継続。ストップ高未達のまま引け
2013-07-16 00:00:00,41020,171.0,,171.0,0.0,0.0,0.0,0.0,0.0,0.0,前場で値がつかず後場で初値成立（後場初値・ストップ未達）,O=AO=171.0、MO=NULL、全ストップフラグ0。前場は特別買い気配継続で取引不成立、後場に需給一致し初値成立
2013-07-16 00:00:00,87470,260.0,260.0,,0.0,0.0,0.0,0.0,0.0,0.0,前場で初値成立・後場は値がつかなかった（後場特別買い気配継続・値幅制限未達）,O=MO=260.0、AO=NULL、全ストップフラグ0。前場初値成立後も需要超過で後場も特別買い気配継続。ストップ高未達のまま引け
2013-07-16 00:00:00,68640,,,,0.0,0.0,0.0,0.0,0.0,0.0,上場初日に終日値がつかなかった（特別買い気配・値幅制限未達）,O/MO/AO全NULL、全ストップフラグ0。需給不一致（特別買い気配）が終日継続したが値幅制限には到達せず取引不成立
2013-07-16 00:00:00,75680,,,,0.0,0.0,0.0,0.0,0.0,0.0,上場初日に終日値がつかなかった（特別買い気配・値幅制限未達）,O/MO/AO全NULL、全ストップフラグ0。需給不一致（特別買い気配）が終日継続したが値幅制限には到達せず取引不成立
2013-07-16 00:00:00,62860,,,,0.0,0.0,0.0,0.0,0.0,0.0,上場初日に終日値がつかなかった（特別買い気配・値幅制限未達）,O/MO/AO全NULL、全ストップフラグ0。需給不一致（特別買い気配）が終日継続したが値幅制限には到達せず取引不成立
2013-07-16 00:00:00,79020,,,,0.0,0.0,0.0,0.0,0.0,0.0,上場初日に終日値がつかなかった（特別買い気配・値幅制限未達）,O/MO/AO全NULL、全ストップフラグ0。需給不一致（特別買い気配）が終日継続したが値幅制限には到達せず取引不成立
2013-07-16 00:00:00,96790,,,,0.0,0.0,0.0,0.0,0.0,0.0,上場初日に終日値がつかなかった（特別買い気配・値幅制限未達）,O/MO/AO全NULL、全ストップフラグ0。需給不一致（特別買い気配）が終日継続したが値幅制限には到達せず取引不成立
2013-07-16 00:00:00,78910,448.0,448.0,,0.0,0.0,0.0,0.0,0.0,0.0,前場で初値成立・後場は値がつかなかった（後場特別買い気配継続・値幅制限未達）,O=MO=448.0、AO=NULL、全ストップフラグ0。前場初値成立後も需要超過で後場も特別買い気配継続。ストップ高未達のまま引け
2013-07-16 00:00:00,39440,136.0,136.0,,0.0,0.0,0.0,0.0,0.0,0.0,前場で初値成立・後場は値がつかなかった（後場特別買い気配継続・値幅制限未達）,O=MO=136.0、AO=NULL、全ストップフラグ0。前場初値成立後も需要超過で後場も特別買い気配継続。ストップ高未達のまま引け
2013-07-16 00:00:00,93760,62000.0,62000.0,,0.0,0.0,0.0,0.0,0.0,0.0,前場で初値成立・後場は値がつかなかった（後場特別買い気配継続・値幅制限未達）,O=MO=62000.0、AO=NULL、全ストップフラグ0。前場初値成立後も需要超過で後場も特別買い気配継続。ストップ高未達のまま引け
2013-07-16 00:00:00,38030,108000.0,108000.0,,0.0,0.0,0.0,0.0,0.0,0.0,前場で初値成立・後場は値がつかなかった（後場特別買い気配継続・値幅制限未達）,O=MO=108000.0、AO=NULL、全ストップフラグ0。前場初値成立後も需要超過で後場も特別買い気配継続。ストップ高未達のまま引け
2013-07-16 00:00:00,66630,,,,0.0,0.0,0.0,0.0,0.0,0.0,上場初日に終日値がつかなかった（特別買い気配・値幅制限未達）,O/MO/AO全NULL、全ストップフラグ0。需給不一致（特別買い気配）が終日継続したが値幅制限には到達せず取引不成立
2013-07-16 00:00:00,27100,,,,0.0,0.0,0.0,0.0,0.0,0.0,上場初日に終日値がつかなかった（特別買い気配・値幅制限未達）,O/MO/AO全NULL、全ストップフラグ0。需給不一致（特別買い気配）が終日継続したが値幅制限には到達せず取引不成立
2013-07-16 00:00:00,42740,,,,0.0,0.0,0.0,0.0,0.0,0.0,上場初日に終日値がつかなかった（特別買い気配・値幅制限未達）,O/MO/AO全NULL、全ストップフラグ0。需給不一致（特別買い気配）が終日継続したが値幅制限には到達せず取引不成立
2013-07-16 00:00:00,34370,191.0,191.0,,0.0,0.0,0.0,0.0,0.0,0.0,前場で初値成立・後場は値がつかなかった（後場特別買い気配継続・値幅制限未達）,O=MO=191.0、AO=NULL、全ストップフラグ0。前場初値成立後も需要超過で後場も特別買い気配継続。ストップ高未達のまま引け
2013-07-16 00:00:00,64870,139.0,139.0,,0.0,0.0,0.0,0.0,0.0,0.0,前場で初値成立・後場は値がつかなかった（後場特別買い気配継続・値幅制限未達）,O=MO=139.0、AO=NULL、全ストップフラグ0。前場初値成立後も需要超過で後場も特別買い気配継続。ストップ高未達のまま引け
2013-07-16 00:00:00,82570,,,,0.0,0.0,0.0,0.0,0.0,0.0,上場初日に終日値がつかなかった（特別買い気配・値幅制限未達）,O/MO/AO全NULL、全ストップフラグ0。需給不一致（特別買い気配）が終日継続したが値幅制限には到達せず取引不成立
2013-07-16 00:00:00,38950,365.0,,365.0,0.0,0.0,0.0,0.0,0.0,0.0,前場で値がつかず後場で初値成立（後場初値・ストップ未達）,O=AO=365.0、MO=NULL、全ストップフラグ0。前場は特別買い気配継続で取引不成立、後場に需給一致し初値成立
2013-07-16 00:00:00,23040,27270.0,27270.0,,0.0,0.0,0.0,0.0,0.0,0.0,前場で初値成立・後場は値がつかなかった（後場特別買い気配継続・値幅制限未達）,O=MO=27270.0、AO=NULL、全ストップフラグ0。前場初値成立後も需要超過で後場も特別買い気配継続。ストップ高未達のまま引け
2013-07-16 00:00:00,17980,185.0,185.0,,0.0,0.0,0.0,0.0,0.0,0.0,前場で初値成立・後場は値がつかなかった（後場特別買い気配継続・値幅制限未達）,O=MO=185.0、AO=NULL、全ストップフラグ0。前場初値成立後も需要超過で後場も特別買い気配継続。ストップ高未達のまま引け
2013-07-16 00:00:00,90490,177.0,177.0,,0.0,0.0,0.0,0.0,0.0,0.0,前場で初値成立・後場は値がつかなかった（後場特別買い気配継続・値幅制限未達）,O=MO=177.0、AO=NULL、全ストップフラグ0。前場初値成立後も需要超過で後場も特別買い気配継続。ストップ高未達のまま引け
2013-07-16 00:00:00,93650,,,,0.0,0.0,0.0,0.0,0.0,0.0,上場初日に終日値がつかなかった（特別買い気配・値幅制限未達）,O/MO/AO全NULL、全ストップフラグ0。需給不一致（特別買い気配）が終日継続したが値幅制限には到達せず取引不成立
2013-07-16 00:00:00,19890,,,,0.0,0.0,0.0,0.0,0.0,0.0,上場初日に終日値がつかなかった（特別買い気配・値幅制限未達）,O/MO/AO全NULL、全ストップフラグ0。需給不一致（特別買い気配）が終日継続したが値幅制限には到達せず取引不成立
2013-07-16 00:00:00,19050,,,,0.0,0.0,0.0,0.0,0.0,0.0,上場初日に終日値がつかなかった（特別買い気配・値幅制限未達）,O/MO/AO全NULL、全ストップフラグ0。需給不一致（特別買い気配）が終日継続したが値幅制限には到達せず取引不成立
2013-07-16 00:00:00,34260,912.0,912.0,,0.0,0.0,0.0,0.0,0.0,0.0,前場で初値成立・後場は値がつかなかった（後場特別買い気配継続・値幅制限未達）,O=MO=912.0、AO=NULL、全ストップフラグ0。前場初値成立後も需要超過で後場も特別買い気配継続。ストップ高未達のまま引け
2013-07-16 00:00:00,52800,,,,0.0,0.0,0.0,0.0,0.0,0.0,上場初日に終日値がつかなかった（特別買い気配・値幅制限未達）,O/MO/AO全NULL、全ストップフラグ0。需給不一致（特別買い気配）が終日継続したが値幅制限には到達せず取引不成立
2013-07-16 00:00:00,98230,1616.0,1616.0,,0.0,0.0,0.0,0.0,0.0,0.0,前場で初値成立・後場は値がつかなかった（後場特別買い気配継続・値幅制限未達）,O=MO=1616.0、AO=NULL、全ストップフラグ0。前場初値成立後も需要超過で後場も特別買い気配継続。ストップ高未達のまま引け
2013-07-16 00:00:00,33520,83600.0,,83600.0,0.0,0.0,0.0,0.0,0.0,0.0,前場で値がつかず後場で初値成立（後場初値・ストップ未達）,O=AO=83600.0、MO=NULL、全ストップフラグ0。前場は特別買い気配継続で取引不成立、後場に需給一致し初値成立
2013-07-16 00:00:00,81910,660.0,660.0,,0.0,0.0,0.0,0.0,0.0,0.0,前場で初値成立・後場は値がつかなかった（後場特別買い気配継続・値幅制限未達）,O=MO=660.0、AO=NULL、全ストップフラグ0。前場初値成立後も需要超過で後場も特別買い気配継続。ストップ高未達のまま引け
2013-07-16 00:00:00,60180,162.0,162.0,,0.0,0.0,0.0,0.0,0.0,0.0,前場で初値成立・後場は値がつかなかった（後場特別買い気配継続・値幅制限未達）,O=MO=162.0、AO=NULL、全ストップフラグ0。前場初値成立後も需要超過で後場も特別買い気配継続。ストップ高未達のまま引け
2013-07-16 00:00:00,99670,300.0,300.0,,0.0,0.0,0.0,0.0,0.0,0.0,前場で初値成立・後場は値がつかなかった（後場特別買い気配継続・値幅制限未達）,O=MO=300.0、AO=NULL、全ストップフラグ0。前場初値成立後も需要超過で後場も特別買い気配継続。ストップ高未達のまま引け
2013-07-16 00:00:00,93070,260.0,260.0,,0.0,0.0,0.0,0.0,0.0,0.0,前場で初値成立・後場は値がつかなかった（後場特別買い気配継続・値幅制限未達）,O=MO=260.0、AO=NULL、全ストップフラグ0。前場初値成立後も需要超過で後場も特別買い気配継続。ストップ高未達のまま引け
2013-07-16 00:00:00,93620,135.0,135.0,,0.0,0.0,0.0,0.0,0.0,0.0,前場で初値成立・後場は値がつかなかった（後場特別買い気配継続・値幅制限未達）,O=MO=135.0、AO=NULL、全ストップフラグ0。前場初値成立後も需要超過で後場も特別買い気配継続。ストップ高未達のまま引け
2013-07-16 00:00:00,93170,,,,0.0,0.0,0.0,0.0,0.0,0.0,上場初日に終日値がつかなかった（特別買い気配・値幅制限未達）,O/MO/AO全NULL、全ストップフラグ0。需給不一致（特別買い気配）が終日継続したが値幅制限には到達せず取引不成立
2013-07-16 00:00:00,64970,811.0,,811.0,0.0,0.0,0.0,0.0,0.0,0.0,前場で値がつかず後場で初値成立（後場初値・ストップ未達）,O=AO=811.0、MO=NULL、全ストップフラグ0。前場は特別買い気配継続で取引不成立、後場に需給一致し初値成立
2013-07-16 00:00:00,81480,,,,0.0,0.0,0.0,0.0,0.0,0.0,上場初日に終日値がつかなかった（特別買い気配・値幅制限未達）,O/MO/AO全NULL、全ストップフラグ0。需給不一致（特別買い気配）が終日継続したが値幅制限には到達せず取引不成立
2013-07-16 00:00:00,99410,98.0,98.0,,0.0,0.0,0.0,0.0,0.0,0.0,前場で初値成立・後場は値がつかなかった（後場特別買い気配継続・値幅制限未達）,O=MO=98.0、AO=NULL、全ストップフラグ0。前場初値成立後も需要超過で後場も特別買い気配継続。ストップ高未達のまま引け
2013-07-16 00:00:00,90730,416.0,416.0,,0.0,0.0,0.0,0.0,0.0,0.0,前場で初値成立・後場は値がつかなかった（後場特別買い気配継続・値幅制限未達）,O=MO=416.0、AO=NULL、全ストップフラグ0。前場初値成立後も需要超過で後場も特別買い気配継続。ストップ高未達のまま引け
2013-07-16 00:00:00,59660,,,,0.0,0.0,0.0,0.0,0.0,0.0,上場初日に終日値がつかなかった（特別買い気配・値幅制限未達）,O/MO/AO全NULL、全ストップフラグ0。需給不一致（特別買い気配）が終日継続したが値幅制限には到達せず取引不成立
2013-07-16 00:00:00,91330,256.0,256.0,,0.0,0.0,0.0,0.0,0.0,0.0,前場で初値成立・後場は値がつかなかった（後場特別買い気配継続・値幅制限未達）,O=MO=256.0、AO=NULL、全ストップフラグ0。前場初値成立後も需要超過で後場も特別買い気配継続。ストップ高未達のまま引け
2013-07-16 00:00:00,99760,445.0,445.0,,0.0,0.0,0.0,0.0,0.0,0.0,前場で初値成立・後場は値がつかなかった（後場特別買い気配継続・値幅制限未達）,O=MO=445.0、AO=NULL、全ストップフラグ0。前場初値成立後も需要超過で後場も特別買い気配継続。ストップ高未達のまま引け
2013-07-16 00:00:00,16830,,,,0.0,0.0,0.0,0.0,0.0,0.0,上場初日に終日値がつかなかった（特別買い気配・値幅制限未達）,O/MO/AO全NULL、全ストップフラグ0。需給不一致（特別買い気配）が終日継続したが値幅制限には到達せず取引不成立
2013-07-16 00:00:00,41130,185.0,185.0,,0.0,0.0,0.0,0.0,0.0,0.0,前場で初値成立・後場は値がつかなかった（後場特別買い気配継続・値幅制限未達）,O=MO=185.0、AO=NULL、全ストップフラグ0。前場初値成立後も需要超過で後場も特別買い気配継続。ストップ高未達のまま引け
2013-07-16 00:00:00,19330,280.0,280.0,,0.0,0.0,0.0,0.0,0.0,0.0,前場で初値成立・後場は値がつかなかった（後場特別買い気配継続・値幅制限未達）,O=MO=280.0、AO=NULL、全ストップフラグ0。前場初値成立後も需要超過で後場も特別買い気配継続。ストップ高未達のまま引け
2013-07-16 00:00:00,34390,790.0,,790.0,0.0,0.0,0.0,0.0,0.0,0.0,前場で値がつかず後場で初値成立（後場初値・ストップ未達）,O=AO=790.0、MO=NULL、全ストップフラグ0。前場は特別買い気配継続で取引不成立、後場に需給一致し初値成立
2013-07-16 00:00:00,74320,165.0,165.0,,0.0,0.0,0.0,0.0,0.0,0.0,前場で初値成立・後場は値がつかなかった（後場特別買い気配継続・値幅制限未達）,O=MO=165.0、AO=NULL、全ストップフラグ0。前場初値成立後も需要超過で後場も特別買い気配継続。ストップ高未達のまま引け
2013-07-16 00:00:00,62660,474.0,,474.0,0.0,0.0,0.0,0.0,0.0,0.0,前場で値がつかず後場で初値成立（後場初値・ストップ未達）,O=AO=474.0、MO=NULL、全ストップフラグ0。前場は特別買い気配継続で取引不成立、後場に需給一致し初値成立
2013-07-16 00:00:00,66350,,,,0.0,0.0,0.0,0.0,0.0,0.0,上場初日に終日値がつかなかった（特別買い気配・値幅制限未達）,O/MO/AO全NULL、全ストップフラグ0。需給不一致（特別買い気配）が終日継続したが値幅制限には到達せず取引不成立
2013-07-16 00:00:00,53800,,,,0.0,0.0,0.0,0.0,0.0,0.0,上場初日に終日値がつかなかった（特別買い気配・値幅制限未達）,O/MO/AO全NULL、全ストップフラグ0。需給不一致（特別買い気配）が終日継続したが値幅制限には到達せず取引不成立
2013-07-16 00:00:00,93670,260.0,260.0,,0.0,0.0,0.0,0.0,0.0,0.0,前場で初値成立・後場は値がつかなかった（後場特別買い気配継続・値幅制限未達）,O=MO=260.0、AO=NULL、全ストップフラグ0。前場初値成立後も需要超過で後場も特別買い気配継続。ストップ高未達のまま引け
2013-07-16 00:00:00,43650,,,,0.0,0.0,0.0,0.0,0.0,0.0,上場初日に終日値がつかなかった（特別買い気配・値幅制限未達）,O/MO/AO全NULL、全ストップフラグ0。需給不一致（特別買い気配）が終日継続したが値幅制限には到達せず取引不成立
2013-07-16 00:00:00,17990,1090.0,,1090.0,0.0,0.0,0.0,0.0,0.0,0.0,前場で値がつかず後場で初値成立（後場初値・ストップ未達）,O=AO=1090.0、MO=NULL、全ストップフラグ0。前場は特別買い気配継続で取引不成立、後場に需給一致し初値成立
2013-07-16 00:00:00,28760,,,,0.0,0.0,0.0,0.0,0.0,0.0,上場初日に終日値がつかなかった（特別買い気配・値幅制限未達）,O/MO/AO全NULL、全ストップフラグ0。需給不一致（特別買い気配）が終日継続したが値幅制限には到達せず取引不成立
2013-07-16 00:00:00,35150,500.0,500.0,,0.0,0.0,0.0,0.0,0.0,0.0,前場で初値成立・後場は値がつかなかった（後場特別買い気配継続・値幅制限未達）,O=MO=500.0、AO=NULL、全ストップフラグ0。前場初値成立後も需要超過で後場も特別買い気配継続。ストップ高未達のまま引け
2013-07-16 00:00:00,78580,135.0,,135.0,0.0,0.0,0.0,0.0,0.0,0.0,前場で値がつかず後場で初値成立（後場初値・ストップ未達）,O=AO=135.0、MO=NULL、全ストップフラグ0。前場は特別買い気配継続で取引不成立、後場に需給一致し初値成立
2013-07-16 00:00:00,43670,205.0,205.0,,0.0,0.0,0.0,0.0,0.0,0.0,前場で初値成立・後場は値がつかなかった（後場特別買い気配継続・値幅制限未達）,O=MO=205.0、AO=NULL、全ストップフラグ0。前場初値成立後も需要超過で後場も特別買い気配継続。ストップ高未達のまま引け
2013-07-16 00:00:00,97780,339.0,,339.0,0.0,0.0,0.0,0.0,0.0,0.0,前場で値がつかず後場で初値成立（後場初値・ストップ未達）,O=AO=339.0、MO=NULL、全ストップフラグ0。前場は特別買い気配継続で取引不成立、後場に需給一致し初値成立
2013-07-16 00:00:00,78650,575.0,575.0,,0.0,0.0,0.0,0.0,0.0,0.0,前場で初値成立・後場は値がつかなかった（後場特別買い気配継続・値幅制限未達）,O=MO=575.0、AO=NULL、全ストップフラグ0。前場初値成立後も需要超過で後場も特別買い気配継続。ストップ高未達のまま引け
2013-07-16 00:00:00,98290,212.0,212.0,,0.0,0.0,0.0,0.0,0.0,0.0,前場で初値成立・後場は値がつかなかった（後場特別買い気配継続・値幅制限未達）,O=MO=212.0、AO=NULL、全ストップフラグ0。前場初値成立後も需要超過で後場も特別買い気配継続。ストップ高未達のまま引け
2013-07-16 00:00:00,53040,360.0,360.0,,0.0,0.0,0.0,0.0,0.0,0.0,前場で初値成立・後場は値がつかなかった（後場特別買い気配継続・値幅制限未達）,O=MO=360.0、AO=NULL、全ストップフラグ0。前場初値成立後も需要超過で後場も特別買い気配継続。ストップ高未達のまま引け
2013-07-16 00:00:00,29050,85.0,85.0,,0.0,0.0,0.0,0.0,0.0,0.0,前場で初値成立・後場は値がつかなかった（後場特別買い気配継続・値幅制限未達）,O=MO=85.0、AO=NULL、全ストップフラグ0。前場初値成立後も需要超過で後場も特別買い気配継続。ストップ高未達のまま引け
2013-07-16 00:00:00,48350,290.0,,290.0,0.0,1.0,0.0,0.0,0.0,1.0,前場で値がつかず後場で初値成立・後場ストップ安到達（公募割れIPO）,O=AO=290.0、MO=NULL、LL=1/ALL=1、AUL=0。後場に初値成立後、売り圧力が強く後場ストップ安まで急落（公募価格割れ）
2013-07-16 00:00:00,27540,272.0,,272.0,0.0,0.0,0.0,0.0,0.0,0.0,前場で値がつかず後場で初値成立（後場初値・ストップ未達）,O=AO=272.0、MO=NULL、全ストップフラグ0。前場は特別買い気配継続で取引不成立、後場に需給一致し初値成立
2013-07-16 00:00:00,98260,,,,0.0,0.0,0.0,0.0,0.0,0.0,上場初日に終日値がつかなかった（特別買い気配・値幅制限未達）,O/MO/AO全NULL、全ストップフラグ0。需給不一致（特別買い気配）が終日継続したが値幅制限には到達せず取引不成立
2013-07-16 00:00:00,30400,1234.0,1234.0,,0.0,0.0,0.0,0.0,0.0,0.0,前場で初値成立・後場は値がつかなかった（後場特別買い気配継続・値幅制限未達）,O=MO=1234.0、AO=NULL、全ストップフラグ0。前場初値成立後も需要超過で後場も特別買い気配継続。ストップ高未達のまま引け
2013-07-16 00:00:00,27470,468.0,468.0,,0.0,0.0,0.0,0.0,0.0,0.0,前場で初値成立・後場は値がつかなかった（後場特別買い気配継続・値幅制限未達）,O=MO=468.0、AO=NULL、全ストップフラグ0。前場初値成立後も需要超過で後場も特別買い気配継続。ストップ高未達のまま引け
2013-07-16 00:00:00,46730,540.0,540.0,,0.0,0.0,0.0,0.0,0.0,0.0,前場で初値成立・後場は値がつかなかった（後場特別買い気配継続・値幅制限未達）,O=MO=540.0、AO=NULL、全ストップフラグ0。前場初値成立後も需要超過で後場も特別買い気配継続。ストップ高未達のまま引け
2013-07-16 00:00:00,75870,411.0,411.0,,0.0,0.0,0.0,0.0,0.0,0.0,前場で初値成立・後場は値がつかなかった（後場特別買い気配継続・値幅制限未達）,O=MO=411.0、AO=NULL、全ストップフラグ0。前場初値成立後も需要超過で後場も特別買い気配継続。ストップ高未達のまま引け
2013-07-16 00:00:00,21640,,,,0.0,0.0,0.0,0.0,0.0,0.0,上場初日に終日値がつかなかった（特別買い気配・値幅制限未達）,O/MO/AO全NULL、全ストップフラグ0。需給不一致（特別買い気配）が終日継続したが値幅制限には到達せず取引不成立
2013-07-16 00:00:00,75780,208.0,208.0,,0.0,0.0,0.0,0.0,0.0,0.0,前場で初値成立・後場は値がつかなかった（後場特別買い気配継続・値幅制限未達）,O=MO=208.0、AO=NULL、全ストップフラグ0。前場初値成立後も需要超過で後場も特別買い気配継続。ストップ高未達のまま引け
2013-07-16 00:00:00,56970,296.0,296.0,,0.0,0.0,0.0,0.0,0.0,0.0,前場で初値成立・後場は値がつかなかった（後場特別買い気配継続・値幅制限未達）,O=MO=296.0、AO=NULL、全ストップフラグ0。前場初値成立後も需要超過で後場も特別買い気配継続。ストップ高未達のまま引け
2013-07-16 00:00:00,52770,,,,0.0,0.0,0.0,0.0,0.0,0.0,上場初日に終日値がつかなかった（特別買い気配・値幅制限未達）,O/MO/AO全NULL、全ストップフラグ0。需給不一致（特別買い気配）が終日継続したが値幅制限には到達せず取引不成立
2013-07-16 00:00:00,33990,820.0,820.0,,0.0,0.0,0.0,0.0,0.0,0.0,前場で初値成立・後場は値がつかなかった（後場特別買い気配継続・値幅制限未達）,O=MO=820.0、AO=NULL、全ストップフラグ0。前場初値成立後も需要超過で後場も特別買い気配継続。ストップ高未達のまま引け
2013-07-16 00:00:00,98720,406.0,,406.0,0.0,0.0,0.0,0.0,0.0,0.0,前場で値がつかず後場で初値成立（後場初値・ストップ未達）,O=AO=406.0、MO=NULL、全ストップフラグ0。前場は特別買い気配継続で取引不成立、後場に需給一致し初値成立
2013-07-16 00:00:00,33170,600.0,600.0,,0.0,0.0,0.0,0.0,0.0,0.0,前場で初値成立・後場は値がつかなかった（後場特別買い気配継続・値幅制限未達）,O=MO=600.0、AO=NULL、全ストップフラグ0。前場初値成立後も需要超過で後場も特別買い気配継続。ストップ高未達のまま引け
2013-07-16 00:00:00,75670,166.0,166.0,,0.0,0.0,0.0,0.0,0.0,0.0,前場で初値成立・後場は値がつかなかった（後場特別買い気配継続・値幅制限未達）,O=MO=166.0、AO=NULL、全ストップフラグ0。前場初値成立後も需要超過で後場も特別買い気配継続。ストップ高未達のまま引け
2013-07-16 00:00:00,75150,404.0,404.0,,0.0,0.0,0.0,0.0,0.0,0.0,前場で初値成立・後場は値がつかなかった（後場特別買い気配継続・値幅制限未達）,O=MO=404.0、AO=NULL、全ストップフラグ0。前場初値成立後も需要超過で後場も特別買い気配継続。ストップ高未達のまま引け
2013-07-16 00:00:00,76350,,,,0.0,0.0,0.0,0.0,0.0,0.0,上場初日に終日値がつかなかった（特別買い気配・値幅制限未達）,O/MO/AO全NULL、全ストップフラグ0。需給不一致（特別買い気配）が終日継続したが値幅制限には到達せず取引不成立
2013-07-16 00:00:00,13800,398.0,398.0,,0.0,0.0,0.0,0.0,0.0,0.0,前場で初値成立・後場は値がつかなかった（後場特別買い気配継続・値幅制限未達）,O=MO=398.0、AO=NULL、全ストップフラグ0。前場初値成立後も需要超過で後場も特別買い気配継続。ストップ高未達のまま引け
2013-07-16 00:00:00,53870,,,,0.0,0.0,0.0,0.0,0.0,0.0,上場初日に終日値がつかなかった（特別買い気配・値幅制限未達）,O/MO/AO全NULL、全ストップフラグ0。需給不一致（特別買い気配）が終日継続したが値幅制限には到達せず取引不成立
2013-07-16 00:00:00,28770,,,,0.0,0.0,0.0,0.0,0.0,0.0,上場初日に終日値がつかなかった（特別買い気配・値幅制限未達）,O/MO/AO全NULL、全ストップフラグ0。需給不一致（特別買い気配）が終日継続したが値幅制限には到達せず取引不成立
2013-07-16 00:00:00,74640,,,,0.0,0.0,0.0,0.0,0.0,0.0,上場初日に終日値がつかなかった（特別買い気配・値幅制限未達）,O/MO/AO全NULL、全ストップフラグ0。需給不一致（特別買い気配）が終日継続したが値幅制限には到達せず取引不成立
2013-07-16 00:00:00,75380,151.0,,151.0,0.0,0.0,0.0,0.0,0.0,0.0,前場で値がつかず後場で初値成立（後場初値・ストップ未達）,O=AO=151.0、MO=NULL、全ストップフラグ0。前場は特別買い気配継続で取引不成立、後場に需給一致し初値成立
2013-07-16 00:00:00,75550,937.0,,937.0,0.0,0.0,0.0,0.0,0.0,0.0,前場で値がつかず後場で初値成立（後場初値・ストップ未達）,O=AO=937.0、MO=NULL、全ストップフラグ0。前場は特別買い気配継続で取引不成立、後場に需給一致し初値成立
2013-07-16 00:00:00,93220,,,,0.0,0.0,0.0,0.0,0.0,0.0,上場初日に終日値がつかなかった（特別買い気配・値幅制限未達）,O/MO/AO全NULL、全ストップフラグ0。需給不一致（特別買い気配）が終日継続したが値幅制限には到達せず取引不成立
2013-07-16 00:00:00,17700,400.0,400.0,,0.0,0.0,0.0,0.0,0.0,0.0,前場で初値成立・後場は値がつかなかった（後場特別買い気配継続・値幅制限未達）,O=MO=400.0、AO=NULL、全ストップフラグ0。前場初値成立後も需要超過で後場も特別買い気配継続。ストップ高未達のまま引け
2013-07-16 00:00:00,36000,,,,0.0,0.0,0.0,0.0,0.0,0.0,上場初日に終日値がつかなかった（特別買い気配・値幅制限未達）,O/MO/AO全NULL、全ストップフラグ0。需給不一致（特別買い気配）が終日継続したが値幅制限には到達せず取引不成立
2013-07-16 00:00:00,52120,445.0,,445.0,0.0,0.0,0.0,0.0,0.0,0.0,前場で値がつかず後場で初値成立（後場初値・ストップ未達）,O=AO=445.0、MO=NULL、全ストップフラグ0。前場は特別買い気配継続で取引不成立、後場に需給一致し初値成立
2013-07-16 00:00:00,21950,1115.0,,1115.0,0.0,0.0,0.0,0.0,0.0,0.0,前場で値がつかず後場で初値成立（後場初値・ストップ未達）,O=AO=1115.0、MO=NULL、全ストップフラグ0。前場は特別買い気配継続で取引不成立、後場に需給一致し初値成立
2013-07-16 00:00:00,81190,584.0,584.0,,0.0,0.0,0.0,0.0,0.0,0.0,前場で初値成立・後場は値がつかなかった（後場特別買い気配継続・値幅制限未達）,O=MO=584.0、AO=NULL、全ストップフラグ0。前場初値成立後も需要超過で後場も特別買い気配継続。ストップ高未達のまま引け
2013-07-16 00:00:00,51620,,,,0.0,0.0,0.0,0.0,0.0,0.0,上場初日に終日値がつかなかった（特別買い気配・値幅制限未達）,O/MO/AO全NULL、全ストップフラグ0。需給不一致（特別買い気配）が終日継続したが値幅制限には到達せず取引不成立
2013-07-16 00:00:00,19810,,,,0.0,0.0,0.0,0.0,0.0,0.0,上場初日に終日値がつかなかった（特別買い気配・値幅制限未達）,O/MO/AO全NULL、全ストップフラグ0。需給不一致（特別買い気配）が終日継続したが値幅制限には到達せず取引不成立
2013-07-16 00:00:00,63840,358.0,358.0,,0.0,0.0,0.0,0.0,0.0,0.0,前場で初値成立・後場は値がつかなかった（後場特別買い気配継続・値幅制限未達）,O=MO=358.0、AO=NULL、全ストップフラグ0。前場初値成立後も需要超過で後場も特別買い気配継続。ストップ高未達のまま引け
2013-07-16 00:00:00,49620,1150.0,1150.0,,0.0,0.0,0.0,0.0,0.0,0.0,前場で初値成立・後場は値がつかなかった（後場特別買い気配継続・値幅制限未達）,O=MO=1150.0、AO=NULL、全ストップフラグ0。前場初値成立後も需要超過で後場も特別買い気配継続。ストップ高未達のまま引け
2013-07-16 00:00:00,31400,526.0,526.0,,0.0,0.0,0.0,0.0,0.0,0.0,前場で初値成立・後場は値がつかなかった（後場特別買い気配継続・値幅制限未達）,O=MO=526.0、AO=NULL、全ストップフラグ0。前場初値成立後も需要超過で後場も特別買い気配継続。ストップ高未達のまま引け
2013-07-16 00:00:00,17880,123.0,123.0,,0.0,0.0,0.0,0.0,0.0,0.0,前場で初値成立・後場は値がつかなかった（後場特別買い気配継続・値幅制限未達）,O=MO=123.0、AO=NULL、全ストップフラグ0。前場初値成立後も需要超過で後場も特別買い気配継続。ストップ高未達のまま引け
2013-07-16 00:00:00,59500,152.0,,152.0,0.0,0.0,0.0,0.0,0.0,0.0,前場で値がつかず後場で初値成立（後場初値・ストップ未達）,O=AO=152.0、MO=NULL、全ストップフラグ0。前場は特別買い気配継続で取引不成立、後場に需給一致し初値成立
2013-07-16 00:00:00,93770,319.0,319.0,,0.0,0.0,0.0,0.0,0.0,0.0,前場で初値成立・後場は値がつかなかった（後場特別買い気配継続・値幅制限未達）,O=MO=319.0、AO=NULL、全ストップフラグ0。前場初値成立後も需要超過で後場も特別買い気配継続。ストップ高未達のまま引け
2013-07-16 00:00:00,99960,975.0,975.0,,0.0,0.0,0.0,0.0,0.0,0.0,前場で初値成立・後場は値がつかなかった（後場特別買い気配継続・値幅制限未達）,O=MO=975.0、AO=NULL、全ストップフラグ0。前場初値成立後も需要超過で後場も特別買い気配継続。ストップ高未達のまま引け
2013-07-16 00:00:00,53980,126.0,126.0,,0.0,0.0,0.0,0.0,0.0,0.0,前場で初値成立・後場は値がつかなかった（後場特別買い気配継続・値幅制限未達）,O=MO=126.0、AO=NULL、全ストップフラグ0。前場初値成立後も需要超過で後場も特別買い気配継続。ストップ高未達のまま引け
2013-07-16 00:00:00,80450,,,,0.0,0.0,0.0,0.0,0.0,0.0,上場初日に終日値がつかなかった（特別買い気配・値幅制限未達）,O/MO/AO全NULL、全ストップフラグ0。需給不一致（特別買い気配）が終日継続したが値幅制限には到達せず取引不成立
2013-07-16 00:00:00,17360,668.0,668.0,,0.0,0.0,0.0,0.0,0.0,0.0,前場で初値成立・後場は値がつかなかった（後場特別買い気配継続・値幅制限未達）,O=MO=668.0、AO=NULL、全ストップフラグ0。前場初値成立後も需要超過で後場も特別買い気配継続。ストップ高未達のまま引け
2013-07-16 00:00:00,66610,,,,0.0,0.0,0.0,0.0,0.0,0.0,上場初日に終日値がつかなかった（特別買い気配・値幅制限未達）,O/MO/AO全NULL、全ストップフラグ0。需給不一致（特別買い気配）が終日継続したが値幅制限には到達せず取引不成立
2013-07-16 00:00:00,62890,560.0,560.0,,0.0,0.0,0.0,0.0,0.0,0.0,前場で初値成立・後場は値がつかなかった（後場特別買い気配継続・値幅制限未達）,O=MO=560.0、AO=NULL、全ストップフラグ0。前場初値成立後も需要超過で後場も特別買い気配継続。ストップ高未達のまま引け
2013-07-16 00:00:00,72650,345.0,345.0,,0.0,0.0,0.0,0.0,0.0,0.0,前場で初値成立・後場は値がつかなかった（後場特別買い気配継続・値幅制限未達）,O=MO=345.0、AO=NULL、全ストップフラグ0。前場初値成立後も需要超過で後場も特別買い気配継続。ストップ高未達のまま引け
2013-07-16 00:00:00,78950,461.0,,461.0,0.0,0.0,0.0,0.0,0.0,0.0,前場で値がつかず後場で初値成立（後場初値・ストップ未達）,O=AO=461.0、MO=NULL、全ストップフラグ0。前場は特別買い気配継続で取引不成立、後場に需給一致し初値成立
2013-07-16 00:00:00,17930,405.0,405.0,,0.0,0.0,0.0,0.0,0.0,0.0,前場で初値成立・後場は値がつかなかった（後場特別買い気配継続・値幅制限未達）,O=MO=405.0、AO=NULL、全ストップフラグ0。前場初値成立後も需要超過で後場も特別買い気配継続。ストップ高未達のまま引け
2013-07-16 00:00:00,96850,195.0,195.0,,0.0,0.0,0.0,0.0,0.0,0.0,前場で初値成立・後場は値がつかなかった（後場特別買い気配継続・値幅制限未達）,O=MO=195.0、AO=NULL、全ストップフラグ0。前場初値成立後も需要超過で後場も特別買い気配継続。ストップ高未達のまま引け
2013-07-16 00:00:00,65180,216.0,216.0,,0.0,0.0,0.0,0.0,0.0,0.0,前場で初値成立・後場は値がつかなかった（後場特別買い気配継続・値幅制限未達）,O=MO=216.0、AO=NULL、全ストップフラグ0。前場初値成立後も需要超過で後場も特別買い気配継続。ストップ高未達のまま引け
2013-07-16 00:00:00,89380,654.0,654.0,,0.0,0.0,0.0,0.0,0.0,0.0,前場で初値成立・後場は値がつかなかった（後場特別買い気配継続・値幅制限未達）,O=MO=654.0、AO=NULL、全ストップフラグ0。前場初値成立後も需要超過で後場も特別買い気配継続。ストップ高未達のまま引け
2013-07-16 00:00:00,54840,,,,0.0,0.0,0.0,0.0,0.0,0.0,上場初日に終日値がつかなかった（特別買い気配・値幅制限未達）,O/MO/AO全NULL、全ストップフラグ0。需給不一致（特別買い気配）が終日継続したが値幅制限には到達せず取引不成立
2013-07-16 00:00:00,31630,1100.0,,1100.0,0.0,0.0,0.0,0.0,0.0,0.0,前場で値がつかず後場で初値成立（後場初値・ストップ未達）,O=AO=1100.0、MO=NULL、全ストップフラグ0。前場は特別買い気配継続で取引不成立、後場に需給一致し初値成立
2013-07-16 00:00:00,39540,449.0,449.0,,0.0,0.0,0.0,0.0,0.0,0.0,前場で初値成立・後場は値がつかなかった（後場特別買い気配継続・値幅制限未達）,O=MO=449.0、AO=NULL、全ストップフラグ0。前場初値成立後も需要超過で後場も特別買い気配継続。ストップ高未達のまま引け
2013-07-16 00:00:00,61570,1830.0,,1830.0,0.0,0.0,0.0,0.0,0.0,0.0,前場で値がつかず後場で初値成立（後場初値・ストップ未達）,O=AO=1830.0、MO=NULL、全ストップフラグ0。前場は特別買い気配継続で取引不成立、後場に需給一致し初値成立
2013-07-16 00:00:00,19940,,,,0.0,0.0,0.0,0.0,0.0,0.0,上場初日に終日値がつかなかった（特別買い気配・値幅制限未達）,O/MO/AO全NULL、全ストップフラグ0。需給不一致（特別買い気配）が終日継続したが値幅制限には到達せず取引不成立
2013-07-16 00:00:00,56950,,,,0.0,0.0,0.0,0.0,0.0,0.0,上場初日に終日値がつかなかった（特別買い気配・値幅制限未達）,O/MO/AO全NULL、全ストップフラグ0。需給不一致（特別買い気配）が終日継続したが値幅制限には到達せず取引不成立
2013-07-16 00:00:00,46540,,,,0.0,0.0,0.0,0.0,0.0,0.0,上場初日に終日値がつかなかった（特別買い気配・値幅制限未達）,O/MO/AO全NULL、全ストップフラグ0。需給不一致（特別買い気配）が終日継続したが値幅制限には到達せず取引不成立
2013-07-16 00:00:00,64160,,,,0.0,0.0,0.0,0.0,0.0,0.0,上場初日に終日値がつかなかった（特別買い気配・値幅制限未達）,O/MO/AO全NULL、全ストップフラグ0。需給不一致（特別買い気配）が終日継続したが値幅制限には到達せず取引不成立
2013-07-16 00:00:00,64140,,,,0.0,0.0,0.0,0.0,0.0,0.0,上場初日に終日値がつかなかった（特別買い気配・値幅制限未達）,O/MO/AO全NULL、全ストップフラグ0。需給不一致（特別買い気配）が終日継続したが値幅制限には到達せず取引不成立
2013-07-16 00:00:00,33740,,,,0.0,0.0,0.0,0.0,0.0,0.0,上場初日に終日値がつかなかった（特別買い気配・値幅制限未達）,O/MO/AO全NULL、全ストップフラグ0。需給不一致（特別買い気配）が終日継続したが値幅制限には到達せず取引不成立
2013-07-16 00:00:00,59520,71.0,71.0,,0.0,0.0,0.0,0.0,0.0,0.0,前場で初値成立・後場は値がつかなかった（後場特別買い気配継続・値幅制限未達）,O=MO=71.0、AO=NULL、全ストップフラグ0。前場初値成立後も需要超過で後場も特別買い気配継続。ストップ高未達のまま引け
2013-07-16 00:00:00,24250,880.0,880.0,,0.0,0.0,0.0,0.0,0.0,0.0,前場で初値成立・後場は値がつかなかった（後場特別買い気配継続・値幅制限未達）,O=MO=880.0、AO=NULL、全ストップフラグ0。前場初値成立後も需要超過で後場も特別買い気配継続。ストップ高未達のまま引け
2013-07-16 00:00:00,39530,527.0,527.0,,0.0,0.0,0.0,0.0,0.0,0.0,前場で初値成立・後場は値がつかなかった（後場特別買い気配継続・値幅制限未達）,O=MO=527.0、AO=NULL、全ストップフラグ0。前場初値成立後も需要超過で後場も特別買い気配継続。ストップ高未達のまま引け
2013-07-16 00:00:00,46990,774.0,774.0,,0.0,0.0,0.0,0.0,0.0,0.0,前場で初値成立・後場は値がつかなかった（後場特別買い気配継続・値幅制限未達）,O=MO=774.0、AO=NULL、全ストップフラグ0。前場初値成立後も需要超過で後場も特別買い気配継続。ストップ高未達のまま引け
2013-07-16 00:00:00,74250,265.0,265.0,,0.0,0.0,0.0,0.0,0.0,0.0,前場で初値成立・後場は値がつかなかった（後場特別買い気配継続・値幅制限未達）,O=MO=265.0、AO=NULL、全ストップフラグ0。前場初値成立後も需要超過で後場も特別買い気配継続。ストップ高未達のまま引け
2013-07-16 00:00:00,83010,58700.0,,58700.0,0.0,0.0,0.0,0.0,0.0,0.0,前場で値がつかず後場で初値成立（後場初値・ストップ未達）,O=AO=58700.0、MO=NULL、全ストップフラグ0。前場は特別買い気配継続で取引不成立、後場に需給一致し初値成立
2013-07-16 00:00:00,35780,,,,0.0,0.0,0.0,0.0,0.0,0.0,上場初日に終日値がつかなかった（特別買い気配・値幅制限未達）,O/MO/AO全NULL、全ストップフラグ0。需給不一致（特別買い気配）が終日継続したが値幅制限には到達せず取引不成立
2013-07-16 00:00:00,64780,235.0,235.0,,0.0,0.0,0.0,0.0,0.0,0.0,前場で初値成立・後場は値がつかなかった（後場特別買い気配継続・値幅制限未達）,O=MO=235.0、AO=NULL、全ストップフラグ0。前場初値成立後も需要超過で後場も特別買い気配継続。ストップ高未達のまま引け
2013-07-16 00:00:00,30370,73500.0,73500.0,,0.0,0.0,0.0,0.0,0.0,0.0,前場で初値成立・後場は値がつかなかった（後場特別買い気配継続・値幅制限未達）,O=MO=73500.0、AO=NULL、全ストップフラグ0。前場初値成立後も需要超過で後場も特別買い気配継続。ストップ高未達のまま引け
2013-07-16 00:00:00,96080,322.0,,322.0,0.0,0.0,0.0,0.0,0.0,0.0,前場で値がつかず後場で初値成立（後場初値・ストップ未達）,O=AO=322.0、MO=NULL、全ストップフラグ0。前場は特別買い気配継続で取引不成立、後場に需給一致し初値成立
2013-07-16 00:00:00,97330,,,,0.0,0.0,0.0,0.0,0.0,0.0,上場初日に終日値がつかなかった（特別買い気配・値幅制限未達）,O/MO/AO全NULL、全ストップフラグ0。需給不一致（特別買い気配）が終日継続したが値幅制限には到達せず取引不成立
2013-07-16 00:00:00,78510,210.0,210.0,,0.0,0.0,0.0,0.0,0.0,0.0,前場で初値成立・後場は値がつかなかった（後場特別買い気配継続・値幅制限未達）,O=MO=210.0、AO=NULL、全ストップフラグ0。前場初値成立後も需要超過で後場も特別買い気配継続。ストップ高未達のまま引け
2013-07-16 00:00:00,37900,1261.0,,1261.0,0.0,0.0,0.0,0.0,0.0,0.0,前場で値がつかず後場で初値成立（後場初値・ストップ未達）,O=AO=1261.0、MO=NULL、全ストップフラグ0。前場は特別買い気配継続で取引不成立、後場に需給一致し初値成立
2013-07-16 00:00:00,59710,824.0,824.0,,0.0,0.0,0.0,0.0,0.0,0.0,前場で初値成立・後場は値がつかなかった（後場特別買い気配継続・値幅制限未達）,O=MO=824.0、AO=NULL、全ストップフラグ0。前場初値成立後も需要超過で後場も特別買い気配継続。ストップ高未達のまま引け
2013-07-16 00:00:00,97230,,,,0.0,0.0,0.0,0.0,0.0,0.0,上場初日に終日値がつかなかった（特別買い気配・値幅制限未達）,O/MO/AO全NULL、全ストップフラグ0。需給不一致（特別買い気配）が終日継続したが値幅制限には到達せず取引不成立
2013-07-16 00:00:00,99290,,,,0.0,0.0,0.0,0.0,0.0,0.0,上場初日に終日値がつかなかった（特別買い気配・値幅制限未達）,O/MO/AO全NULL、全ストップフラグ0。需給不一致（特別買い気配）が終日継続したが値幅制限には到達せず取引不成立
2013-07-16 00:00:00,90340,696.0,696.0,,0.0,0.0,0.0,0.0,0.0,0.0,前場で初値成立・後場は値がつかなかった（後場特別買い気配継続・値幅制限未達）,O=MO=696.0、AO=NULL、全ストップフラグ0。前場初値成立後も需要超過で後場も特別買い気配継続。ストップ高未達のまま引け
2013-07-16 00:00:00,96950,,,,0.0,0.0,0.0,0.0,0.0,0.0,上場初日に終日値がつかなかった（特別買い気配・値幅制限未達）,O/MO/AO全NULL、全ストップフラグ0。需給不一致（特別買い気配）が終日継続したが値幅制限には到達せず取引不成立
2013-07-16 00:00:00,75650,,,,0.0,0.0,0.0,0.0,0.0,0.0,上場初日に終日値がつかなかった（特別買い気配・値幅制限未達）,O/MO/AO全NULL、全ストップフラグ0。需給不一致（特別買い気配）が終日継続したが値幅制限には到達せず取引不成立
2013-07-16 00:00:00,24800,423.0,423.0,,0.0,0.0,0.0,0.0,0.0,0.0,前場で初値成立・後場は値がつかなかった（後場特別買い気配継続・値幅制限未達）,O=MO=423.0、AO=NULL、全ストップフラグ0。前場初値成立後も需要超過で後場も特別買い気配継続。ストップ高未達のまま引け
2013-07-16 00:00:00,75700,970.0,970.0,,0.0,0.0,0.0,0.0,0.0,0.0,前場で初値成立・後場は値がつかなかった（後場特別買い気配継続・値幅制限未達）,O=MO=970.0、AO=NULL、全ストップフラグ0。前場初値成立後も需要超過で後場も特別買い気配継続。ストップ高未達のまま引け
2013-07-16 00:00:00,17950,311.0,311.0,,0.0,0.0,0.0,0.0,0.0,0.0,前場で初値成立・後場は値がつかなかった（後場特別買い気配継続・値幅制限未達）,O=MO=311.0、AO=NULL、全ストップフラグ0。前場初値成立後も需要超過で後場も特別買い気配継続。ストップ高未達のまま引け
2013-07-16 00:00:00,18480,219.0,219.0,,0.0,0.0,0.0,0.0,0.0,0.0,前場で初値成立・後場は値がつかなかった（後場特別買い気配継続・値幅制限未達）,O=MO=219.0、AO=NULL、全ストップフラグ0。前場初値成立後も需要超過で後場も特別買い気配継続。ストップ高未達のまま引け
2013-07-16 00:00:00,59350,303.0,303.0,,0.0,0.0,0.0,0.0,0.0,0.0,前場で初値成立・後場は値がつかなかった（後場特別買い気配継続・値幅制限未達）,O=MO=303.0、AO=NULL、全ストップフラグ0。前場初値成立後も需要超過で後場も特別買い気配継続。ストップ高未達のまま引け
2013-07-16 00:00:00,97360,313.0,313.0,,0.0,0.0,0.0,0.0,0.0,0.0,前場で初値成立・後場は値がつかなかった（後場特別買い気配継続・値幅制限未達）,O=MO=313.0、AO=NULL、全ストップフラグ0。前場初値成立後も需要超過で後場も特別買い気配継続。ストップ高未達のまま引け
2013-07-16 00:00:00,52170,394.0,394.0,,0.0,0.0,0.0,0.0,0.0,0.0,前場で初値成立・後場は値がつかなかった（後場特別買い気配継続・値幅制限未達）,O=MO=394.0、AO=NULL、全ストップフラグ0。前場初値成立後も需要超過で後場も特別買い気配継続。ストップ高未達のまま引け
2013-07-16 00:00:00,46900,,,,0.0,0.0,0.0,0.0,0.0,0.0,上場初日に終日値がつかなかった（特別買い気配・値幅制限未達）,O/MO/AO全NULL、全ストップフラグ0。需給不一致（特別買い気配）が終日継続したが値幅制限には到達せず取引不成立
2013-07-16 00:00:00,74460,,,,0.0,0.0,0.0,0.0,0.0,0.0,上場初日に終日値がつかなかった（特別買い気配・値幅制限未達）,O/MO/AO全NULL、全ストップフラグ0。需給不一致（特別買い気配）が終日継続したが値幅制限には到達せず取引不成立
2013-07-16 00:00:00,38470,,,,0.0,0.0,0.0,0.0,0.0,0.0,上場初日に終日値がつかなかった（特別買い気配・値幅制限未達）,O/MO/AO全NULL、全ストップフラグ0。需給不一致（特別買い気配）が終日継続したが値幅制限には到達せず取引不成立
2013-07-16 00:00:00,79230,434.0,434.0,,0.0,0.0,0.0,0.0,0.0,0.0,前場で初値成立・後場は値がつかなかった（後場特別買い気配継続・値幅制限未達）,O=MO=434.0、AO=NULL、全ストップフラグ0。前場初値成立後も需要超過で後場も特別買い気配継続。ストップ高未達のまま引け
2013-07-16 00:00:00,80720,180.0,180.0,,0.0,0.0,0.0,0.0,0.0,0.0,前場で初値成立・後場は値がつかなかった（後場特別買い気配継続・値幅制限未達）,O=MO=180.0、AO=NULL、全ストップフラグ0。前場初値成立後も需要超過で後場も特別買い気配継続。ストップ高未達のまま引け
2013-07-16 00:00:00,68670,244.0,244.0,,0.0,0.0,0.0,0.0,0.0,0.0,前場で初値成立・後場は値がつかなかった（後場特別買い気配継続・値幅制限未達）,O=MO=244.0、AO=NULL、全ストップフラグ0。前場初値成立後も需要超過で後場も特別買い気配継続。ストップ高未達のまま引け
2013-07-16 00:00:00,49200,,,,0.0,0.0,0.0,0.0,0.0,0.0,上場初日に終日値がつかなかった（特別買い気配・値幅制限未達）,O/MO/AO全NULL、全ストップフラグ0。需給不一致（特別買い気配）が終日継続したが値幅制限には到達せず取引不成立
2013-07-16 00:00:00,47340,215.0,215.0,,0.0,0.0,0.0,0.0,0.0,0.0,前場で初値成立・後場は値がつかなかった（後場特別買い気配継続・値幅制限未達）,O=MO=215.0、AO=NULL、全ストップフラグ0。前場初値成立後も需要超過で後場も特別買い気配継続。ストップ高未達のまま引け
2013-07-16 00:00:00,96860,980.0,980.0,,0.0,0.0,0.0,0.0,0.0,0.0,前場で初値成立・後場は値がつかなかった（後場特別買い気配継続・値幅制限未達）,O=MO=980.0、AO=NULL、全ストップフラグ0。前場初値成立後も需要超過で後場も特別買い気配継続。ストップ高未達のまま引け
2013-07-16 00:00:00,90570,,,,0.0,0.0,0.0,0.0,0.0,0.0,上場初日に終日値がつかなかった（特別買い気配・値幅制限未達）,O/MO/AO全NULL、全ストップフラグ0。需給不一致（特別買い気配）が終日継続したが値幅制限には到達せず取引不成立
2013-07-16 00:00:00,99090,,,,0.0,0.0,0.0,0.0,0.0,0.0,上場初日に終日値がつかなかった（特別買い気配・値幅制限未達）,O/MO/AO全NULL、全ストップフラグ0。需給不一致（特別買い気配）が終日継続したが値幅制限には到達せず取引不成立
2013-07-16 00:00:00,75310,6300.0,6300.0,,0.0,0.0,0.0,0.0,0.0,0.0,前場で初値成立・後場は値がつかなかった（後場特別買い気配継続・値幅制限未達）,O=MO=6300.0、AO=NULL、全ストップフラグ0。前場初値成立後も需要超過で後場も特別買い気配継続。ストップ高未達のまま引け
2013-07-16 00:00:00,74340,1650.0,1650.0,,0.0,0.0,0.0,0.0,0.0,0.0,前場で初値成立・後場は値がつかなかった（後場特別買い気配継続・値幅制限未達）,O=MO=1650.0、AO=NULL、全ストップフラグ0。前場初値成立後も需要超過で後場も特別買い気配継続。ストップ高未達のまま引け
2013-07-16 00:00:00,90510,,,,0.0,0.0,0.0,0.0,0.0,0.0,上場初日に終日値がつかなかった（特別買い気配・値幅制限未達）,O/MO/AO全NULL、全ストップフラグ0。需給不一致（特別買い気配）が終日継続したが値幅制限には到達せず取引不成立
2013-07-16 00:00:00,61560,2840.0,2840.0,,0.0,0.0,0.0,0.0,0.0,0.0,前場で初値成立・後場は値がつかなかった（後場特別買い気配継続・値幅制限未達）,O=MO=2840.0、AO=NULL、全ストップフラグ0。前場初値成立後も需要超過で後場も特別買い気配継続。ストップ高未達のまま引け
2013-07-16 00:00:00,46850,,,,0.0,0.0,0.0,0.0,0.0,0.0,上場初日に終日値がつかなかった（特別買い気配・値幅制限未達）,O/MO/AO全NULL、全ストップフラグ0。需給不一致（特別買い気配）が終日継続したが値幅制限には到達せず取引不成立
2013-07-16 00:00:00,29040,,,,0.0,0.0,0.0,0.0,0.0,0.0,上場初日に終日値がつかなかった（特別買い気配・値幅制限未達）,O/MO/AO全NULL、全ストップフラグ0。需給不一致（特別買い気配）が終日継続したが値幅制限には到達せず取引不成立
2013-07-16 00:00:00,72680,,,,0.0,0.0,0.0,0.0,0.0,0.0,上場初日に終日値がつかなかった（特別買い気配・値幅制限未達）,O/MO/AO全NULL、全ストップフラグ0。需給不一致（特別買い気配）が終日継続したが値幅制限には到達せず取引不成立
2013-07-16 00:00:00,97530,197.0,,197.0,0.0,0.0,0.0,0.0,0.0,0.0,前場で値がつかず後場で初値成立（後場初値・ストップ未達）,O=AO=197.0、MO=NULL、全ストップフラグ0。前場は特別買い気配継続で取引不成立、後場に需給一致し初値成立
2013-07-16 00:00:00,98120,784.0,784.0,,0.0,0.0,0.0,0.0,0.0,0.0,前場で初値成立・後場は値がつかなかった（後場特別買い気配継続・値幅制限未達）,O=MO=784.0、AO=NULL、全ストップフラグ0。前場初値成立後も需要超過で後場も特別買い気配継続。ストップ高未達のまま引け
2013-07-16 00:00:00,18970,363.0,,363.0,0.0,0.0,0.0,0.0,0.0,0.0,前場で値がつかず後場で初値成立（後場初値・ストップ未達）,O=AO=363.0、MO=NULL、全ストップフラグ0。前場は特別買い気配継続で取引不成立、後場に需給一致し初値成立
2013-07-16 00:00:00,28170,559.0,559.0,,0.0,0.0,0.0,0.0,0.0,0.0,前場で初値成立・後場は値がつかなかった（後場特別買い気配継続・値幅制限未達）,O=MO=559.0、AO=NULL、全ストップフラグ0。前場初値成立後も需要超過で後場も特別買い気配継続。ストップ高未達のまま引け
2013-07-16 00:00:00,35990,552.0,,552.0,0.0,0.0,0.0,0.0,0.0,0.0,前場で値がつかず後場で初値成立（後場初値・ストップ未達）,O=AO=552.0、MO=NULL、全ストップフラグ0。前場は特別買い気配継続で取引不成立、後場に需給一致し初値成立
2013-07-16 00:00:00,99030,168.0,168.0,,0.0,0.0,0.0,0.0,0.0,0.0,前場で初値成立・後場は値がつかなかった（後場特別買い気配継続・値幅制限未達）,O=MO=168.0、AO=NULL、全ストップフラグ0。前場初値成立後も需要超過で後場も特別買い気配継続。ストップ高未達のまま引け
2013-07-16 00:00:00,34240,825.0,825.0,,0.0,0.0,0.0,0.0,0.0,0.0,前場で初値成立・後場は値がつかなかった（後場特別買い気配継続・値幅制限未達）,O=MO=825.0、AO=NULL、全ストップフラグ0。前場初値成立後も需要超過で後場も特別買い気配継続。ストップ高未達のまま引け
2013-07-16 00:00:00,23030,543.0,,543.0,1.0,0.0,0.0,0.0,1.0,0.0,前場で値がつかず後場で初値成立・後場ストップ高到達（人気IPO）,O=AO=543.0、MO=NULL、UL=1/AUL=1、ALL=0。前場は特別買い気配継続、後場で需給一致し初値成立。後場でストップ高到達
2013-07-16 00:00:00,79970,91.0,91.0,,0.0,0.0,0.0,0.0,0.0,0.0,前場で初値成立・後場は値がつかなかった（後場特別買い気配継続・値幅制限未達）,O=MO=91.0、AO=NULL、全ストップフラグ0。前場初値成立後も需要超過で後場も特別買い気配継続。ストップ高未達のまま引け
2013-07-16 00:00:00,17280,,,,0.0,0.0,0.0,0.0,0.0,0.0,上場初日に終日値がつかなかった（特別買い気配・値幅制限未達）,O/MO/AO全NULL、全ストップフラグ0。需給不一致（特別買い気配）が終日継続したが値幅制限には到達せず取引不成立
2013-07-16 00:00:00,75970,291.0,291.0,,0.0,0.0,0.0,0.0,0.0,0.0,前場で初値成立・後場は値がつかなかった（後場特別買い気配継続・値幅制限未達）,O=MO=291.0、AO=NULL、全ストップフラグ0。前場初値成立後も需要超過で後場も特別買い気配継続。ストップ高未達のまま引け
2013-07-16 00:00:00,90870,268.0,268.0,,0.0,0.0,0.0,0.0,0.0,0.0,前場で初値成立・後場は値がつかなかった（後場特別買い気配継続・値幅制限未達）,O=MO=268.0、AO=NULL、全ストップフラグ0。前場初値成立後も需要超過で後場も特別買い気配継続。ストップ高未達のまま引け
2013-07-16 00:00:00,76430,,,,0.0,0.0,0.0,0.0,0.0,0.0,上場初日に終日値がつかなかった（特別買い気配・値幅制限未達）,O/MO/AO全NULL、全ストップフラグ0。需給不一致（特別買い気配）が終日継続したが値幅制限には到達せず取引不成立
2013-07-16 00:00:00,69120,600.0,600.0,,0.0,0.0,0.0,0.0,0.0,0.0,前場で初値成立・後場は値がつかなかった（後場特別買い気配継続・値幅制限未達）,O=MO=600.0、AO=NULL、全ストップフラグ0。前場初値成立後も需要超過で後場も特別買い気配継続。ストップ高未達のまま引け
2013-07-16 00:00:00,98670,156.0,156.0,,0.0,0.0,0.0,0.0,0.0,0.0,前場で初値成立・後場は値がつかなかった（後場特別買い気配継続・値幅制限未達）,O=MO=156.0、AO=NULL、全ストップフラグ0。前場初値成立後も需要超過で後場も特別買い気配継続。ストップ高未達のまま引け
2013-07-16 00:00:00,43410,,,,0.0,0.0,0.0,0.0,0.0,0.0,上場初日に終日値がつかなかった（特別買い気配・値幅制限未達）,O/MO/AO全NULL、全ストップフラグ0。需給不一致（特別買い気配）が終日継続したが値幅制限には到達せず取引不成立
2013-07-16 00:00:00,63220,650.0,650.0,,0.0,0.0,0.0,0.0,0.0,0.0,前場で初値成立・後場は値がつかなかった（後場特別買い気配継続・値幅制限未達）,O=MO=650.0、AO=NULL、全ストップフラグ0。前場初値成立後も需要超過で後場も特別買い気配継続。ストップ高未達のまま引け
2013-07-16 00:00:00,96570,,,,0.0,0.0,0.0,0.0,0.0,0.0,上場初日に終日値がつかなかった（特別買い気配・値幅制限未達）,O/MO/AO全NULL、全ストップフラグ0。需給不一致（特別買い気配）が終日継続したが値幅制限には到達せず取引不成立
2013-07-16 00:00:00,33530,2830.0,2830.0,,0.0,0.0,0.0,0.0,0.0,0.0,前場で初値成立・後場は値がつかなかった（後場特別買い気配継続・値幅制限未達）,O=MO=2830.0、AO=NULL、全ストップフラグ0。前場初値成立後も需要超過で後場も特別買い気配継続。ストップ高未達のまま引け
2013-07-16 00:00:00,27730,470.0,470.0,,0.0,0.0,0.0,0.0,0.0,0.0,前場で初値成立・後場は値がつかなかった（後場特別買い気配継続・値幅制限未達）,O=MO=470.0、AO=NULL、全ストップフラグ0。前場初値成立後も需要超過で後場も特別買い気配継続。ストップ高未達のまま引け
2013-07-16 00:00:00,52830,253.0,253.0,,0.0,0.0,0.0,0.0,0.0,0.0,前場で初値成立・後場は値がつかなかった（後場特別買い気配継続・値幅制限未達）,O=MO=253.0、AO=NULL、全ストップフラグ0。前場初値成立後も需要超過で後場も特別買い気配継続。ストップ高未達のまま引け
2013-07-16 00:00:00,99920,284.0,284.0,,0.0,0.0,0.0,0.0,0.0,0.0,前場で初値成立・後場は値がつかなかった（後場特別買い気配継続・値幅制限未達）,O=MO=284.0、AO=NULL、全ストップフラグ0。前場初値成立後も需要超過で後場も特別買い気配継続。ストップ高未達のまま引け
2013-07-16 00:00:00,18410,712.0,712.0,,0.0,0.0,0.0,0.0,0.0,0.0,前場で初値成立・後場は値がつかなかった（後場特別買い気配継続・値幅制限未達）,O=MO=712.0、AO=NULL、全ストップフラグ0。前場初値成立後も需要超過で後場も特別買い気配継続。ストップ高未達のまま引け
2013-07-16 00:00:00,46250,435.0,435.0,,0.0,0.0,0.0,0.0,0.0,0.0,前場で初値成立・後場は値がつかなかった（後場特別買い気配継続・値幅制限未達）,O=MO=435.0、AO=NULL、全ストップフラグ0。前場初値成立後も需要超過で後場も特別買い気配継続。ストップ高未達のまま引け
2013-07-16 00:00:00,19040,382.0,382.0,,0.0,0.0,0.0,0.0,0.0,0.0,前場で初値成立・後場は値がつかなかった（後場特別買い気配継続・値幅制限未達）,O=MO=382.0、AO=NULL、全ストップフラグ0。前場初値成立後も需要超過で後場も特別買い気配継続。ストップ高未達のまま引け
2013-07-16 00:00:00,59390,280.0,280.0,,0.0,0.0,0.0,0.0,0.0,0.0,前場で初値成立・後場は値がつかなかった（後場特別買い気配継続・値幅制限未達）,O=MO=280.0、AO=NULL、全ストップフラグ0。前場初値成立後も需要超過で後場も特別買い気配継続。ストップ高未達のまま引け
2013-07-16 00:00:00,52790,131.0,131.0,,0.0,0.0,0.0,0.0,0.0,0.0,前場で初値成立・後場は値がつかなかった（後場特別買い気配継続・値幅制限未達）,O=MO=131.0、AO=NULL、全ストップフラグ0。前場初値成立後も需要超過で後場も特別買い気配継続。ストップ高未達のまま引け
2013-07-16 00:00:00,46290,1015.0,,1015.0,0.0,0.0,0.0,0.0,0.0,0.0,前場で値がつかず後場で初値成立（後場初値・ストップ未達）,O=AO=1015.0、MO=NULL、全ストップフラグ0。前場は特別買い気配継続で取引不成立、後場に需給一致し初値成立
2013-07-31 00:00:00,14270,510.0,510.0,,0.0,0.0,0.0,0.0,0.0,0.0,前場で初値成立・後場は値がつかなかった（後場特別買い気配継続・値幅制限未達）,O=MO=510.0、AO=NULL、全ストップフラグ0。前場初値成立後も需要超過で後場も特別買い気配継続。ストップ高未達のまま引け
2013-08-29 00:00:00,60770,3100.0,,3100.0,1.0,0.0,0.0,0.0,1.0,0.0,前場で値がつかず後場で初値成立・後場ストップ高到達（人気IPO）,O=AO=3100.0、MO=NULL、UL=1/AUL=1、ALL=0。前場は特別買い気配継続、後場で需給一致し初値成立。後場でストップ高到達
2013-09-04 00:00:00,77780,155.0,155.0,,0.0,0.0,0.0,0.0,0.0,0.0,前場で初値成立・後場は値がつかなかった（後場特別買い気配継続・値幅制限未達）,O=MO=155.0、AO=NULL、全ストップフラグ0。前場初値成立後も需要超過で後場も特別買い気配継続。ストップ高未達のまま引け
2013-09-13 00:00:00,31870,,,,0.0,0.0,0.0,0.0,0.0,0.0,上場初日に終日値がつかなかった（特別買い気配・値幅制限未達）,O/MO/AO全NULL、全ストップフラグ0。需給不一致（特別買い気配）が終日継続したが値幅制限には到達せず取引不成立
2013-10-04 00:00:00,60780,4035.0,,4035.0,0.0,0.0,0.0,0.0,0.0,0.0,前場で値がつかず後場で初値成立（後場初値・ストップ未達）,O=AO=4035.0、MO=NULL、全ストップフラグ0。前場は特別買い気配継続で取引不成立、後場に需給一致し初値成立
2013-10-08 00:00:00,60790,,,,0.0,0.0,0.0,0.0,0.0,0.0,上場初日に終日値がつかなかった（特別買い気配・値幅制限未達）,O/MO/AO全NULL、全ストップフラグ0。需給不一致（特別買い気配）が終日継続したが値幅制限には到達せず取引不成立
2013-10-22 00:00:00,36770,,,,0.0,0.0,0.0,0.0,0.0,0.0,上場初日に終日値がつかなかった（特別買い気配・値幅制限未達）,O/MO/AO全NULL、全ストップフラグ0。需給不一致（特別買い気配）が終日継続したが値幅制限には到達せず取引不成立
2013-10-31 00:00:00,31880,900.0,900.0,,0.0,0.0,0.0,0.0,0.0,0.0,前場で初値成立・後場は値がつかなかった（後場特別買い気配継続・値幅制限未達）,O=MO=900.0、AO=NULL、全ストップフラグ0。前場初値成立後も需要超過で後場も特別買い気配継続。ストップ高未達のまま引け
2013-11-19 00:00:00,31890,,,,0.0,0.0,0.0,0.0,0.0,0.0,上場初日に終日値がつかなかった（特別買い気配・値幅制限未達）,O/MO/AO全NULL、全ストップフラグ0。需給不一致（特別買い気配）が終日継続したが値幅制限には到達せず取引不成立
2013-11-20 00:00:00,60800,,,,0.0,0.0,0.0,0.0,0.0,0.0,上場初日に終日値がつかなかった（特別買い気配・値幅制限未達）,O/MO/AO全NULL、全ストップフラグ0。需給不一致（特別買い気配）が終日継続したが値幅制限には到達せず取引不成立
2013-11-20 00:00:00,36780,,,,0.0,0.0,0.0,0.0,0.0,0.0,上場初日に終日値がつかなかった（特別買い気配・値幅制限未達）,O/MO/AO全NULL、全ストップフラグ0。需給不一致（特別買い気配）が終日継続したが値幅制限には到達せず取引不成立
2013-11-22 00:00:00,36790,,,,0.0,0.0,0.0,0.0,0.0,0.0,上場初日に終日値がつかなかった（特別買い気配・値幅制限未達）,O/MO/AO全NULL、全ストップフラグ0。需給不一致（特別買い気配）が終日継続したが値幅制限には到達せず取引不成立
2013-11-29 00:00:00,60810,,,,0.0,0.0,0.0,0.0,0.0,0.0,上場初日に終日値がつかなかった（特別買い気配・値幅制限未達）,O/MO/AO全NULL、全ストップフラグ0。需給不一致（特別買い気配）が終日継続したが値幅制限には到達せず取引不成立
2013-12-09 00:00:00,36800,,,,0.0,0.0,0.0,0.0,0.0,0.0,上場初日に終日値がつかなかった（特別買い気配・値幅制限未達）,O/MO/AO全NULL、全ストップフラグ0。需給不一致（特別買い気配）が終日継続したが値幅制限には到達せず取引不成立
2013-12-11 00:00:00,36820,3755.0,,3755.0,0.0,1.0,0.0,0.0,0.0,1.0,前場で値がつかず後場で初値成立・後場ストップ安到達（公募割れIPO）,O=AO=3755.0、MO=NULL、LL=1/ALL=1、AUL=0。後場に初値成立後、売り圧力が強く後場ストップ安まで急落（公募価格割れ）
2013-12-11 00:00:00,60840,8050.0,,8050.0,1.0,1.0,0.0,0.0,1.0,1.0,前場で値がつかず後場で初値成立・後場中にストップ高とストップ安の両方到達（特殊ケース）,O=AO=8050.0、MO=NULL、UL=1/AUL=1/LL=1/ALL=1。後場初値後に急騰してストップ高、その後急落してストップ安まで到達した特殊ケース
2013-12-18 00:00:00,60850,4600.0,,4600.0,1.0,0.0,0.0,0.0,1.0,0.0,前場で値がつかず後場で初値成立・後場ストップ高到達（人気IPO）,O=AO=4600.0、MO=NULL、UL=1/AUL=1、ALL=0。前場は特別買い気配継続、後場で需給一致し初値成立。後場でストップ高到達
2013-12-19 00:00:00,60860,2235.0,,2235.0,0.0,0.0,0.0,0.0,0.0,0.0,前場で値がつかず後場で初値成立（後場初値・ストップ未達）,O=AO=2235.0、MO=NULL、全ストップフラグ0。前場は特別買い気配継続で取引不成立、後場に需給一致し初値成立
2013-12-24 00:00:00,60900,3100.0,,3100.0,0.0,0.0,0.0,0.0,0.0,0.0,前場で値がつかず後場で初値成立（後場初値・ストップ未達）,O=AO=3100.0、MO=NULL、全ストップフラグ0。前場は特別買い気配継続で取引不成立、後場に需給一致し初値成立
2014-03-06 00:00:00,36830,,,,0.0,0.0,0.0,0.0,0.0,0.0,上場初日に終日値がつかなかった（特別買い気配・値幅制限未達）,O/MO/AO全NULL、全ストップフラグ0。需給不一致（特別買い気配）が終日継続したが値幅制限には到達せず取引不成立
2014-03-12 00:00:00,60920,,,,0.0,0.0,0.0,0.0,0.0,0.0,上場初日に終日値がつかなかった（特別買い気配・値幅制限未達）,O/MO/AO全NULL、全ストップフラグ0。需給不一致（特別買い気配）が終日継続したが値幅制限には到達せず取引不成立
2014-03-26 00:00:00,77790,8510.0,,8510.0,1.0,0.0,0.0,0.0,1.0,0.0,前場で値がつかず後場で初値成立・後場ストップ高到達（人気IPO）,O=AO=8510.0、MO=NULL、UL=1/AUL=1、ALL=0。前場は特別買い気配継続、後場で需給一致し初値成立。後場でストップ高到達
2014-03-26 00:00:00,36860,2412.0,,2412.0,0.0,1.0,0.0,0.0,0.0,1.0,前場で値がつかず後場で初値成立・後場ストップ安到達（公募割れIPO）,O=AO=2412.0、MO=NULL、LL=1/ALL=1、AUL=0。後場に初値成立後、売り圧力が強く後場ストップ安まで急落（公募価格割れ）
2014-03-28 00:00:00,60930,,,,0.0,0.0,0.0,0.0,0.0,0.0,上場初日に終日値がつかなかった（特別買い気配・値幅制限未達）,O/MO/AO全NULL、全ストップフラグ0。需給不一致（特別買い気配）が終日継続したが値幅制限には到達せず取引不成立
2014-04-23 00:00:00,36870,,,,0.0,0.0,0.0,0.0,0.0,0.0,上場初日に終日値がつかなかった（特別買い気配・値幅制限未達）,O/MO/AO全NULL、全ストップフラグ0。需給不一致（特別買い気配）が終日継続したが値幅制限には到達せず取引不成立
2014-06-24 00:00:00,60940,,,,0.0,0.0,0.0,0.0,0.0,0.0,上場初日に終日値がつかなかった（特別買い気配・値幅制限未達）,O/MO/AO全NULL、全ストップフラグ0。需給不一致（特別買い気配）が終日継続したが値幅制限には到達せず取引不成立
2014-06-27 00:00:00,60950,9250.0,,9250.0,0.0,0.0,0.0,0.0,0.0,0.0,前場で値がつかず後場で初値成立（後場初値・ストップ未達）,O=AO=9250.0、MO=NULL、全ストップフラグ0。前場は特別買い気配継続で取引不成立、後場に需給一致し初値成立
2014-06-27 00:00:00,60960,,,,0.0,0.0,0.0,0.0,0.0,0.0,上場初日に終日値がつかなかった（特別買い気配・値幅制限未達）,O/MO/AO全NULL、全ストップフラグ0。需給不一致（特別買い気配）が終日継続したが値幅制限には到達せず取引不成立
2014-07-10 00:00:00,31930,6180.0,,6180.0,1.0,0.0,0.0,0.0,1.0,0.0,前場で値がつかず後場で初値成立・後場ストップ高到達（人気IPO）,O=AO=6180.0、MO=NULL、UL=1/AUL=1、ALL=0。前場は特別買い気配継続、後場で需給一致し初値成立。後場でストップ高到達
2014-07-14 00:00:00,71700,530.0,530.0,,0.0,0.0,0.0,0.0,0.0,0.0,前場で初値成立・後場は値がつかなかった（後場特別買い気配継続・値幅制限未達）,O=MO=530.0、AO=NULL、全ストップフラグ0。前場初値成立後も需要超過で後場も特別買い気配継続。ストップ高未達のまま引け
2014-07-15 00:00:00,36100,520.0,520.0,,0.0,0.0,0.0,0.0,0.0,0.0,前場で初値成立・後場は値がつかなかった（後場特別買い気配継続・値幅制限未達）,O=MO=520.0、AO=NULL、全ストップフラグ0。前場初値成立後も需要超過で後場も特別買い気配継続。ストップ高未達のまま引け
2014-07-15 00:00:00,36890,,,,0.0,0.0,0.0,0.0,0.0,0.0,上場初日に終日値がつかなかった（特別買い気配・値幅制限未達）,O/MO/AO全NULL、全ストップフラグ0。需給不一致（特別買い気配）が終日継続したが値幅制限には到達せず取引不成立
2014-09-11 00:00:00,71720,,,,0.0,0.0,0.0,0.0,0.0,0.0,上場初日に終日値がつかなかった（特別買い気配・値幅制限未達）,O/MO/AO全NULL、全ストップフラグ0。需給不一致（特別買い気配）が終日継続したが値幅制限には到達せず取引不成立
2014-09-17 00:00:00,36900,,,,0.0,0.0,0.0,0.0,0.0,0.0,上場初日に終日値がつかなかった（特別買い気配・値幅制限未達）,O/MO/AO全NULL、全ストップフラグ0。需給不一致（特別買い気配）が終日継続したが値幅制限には到達せず取引不成立
2014-09-24 00:00:00,31950,2630.0,,2630.0,0.0,1.0,0.0,0.0,0.0,1.0,前場で値がつかず後場で初値成立・後場ストップ安到達（公募割れIPO）,O=AO=2630.0、MO=NULL、LL=1/ALL=1、AUL=0。後場に初値成立後、売り圧力が強く後場ストップ安まで急落（公募価格割れ）
2014-09-30 00:00:00,36920,,,,0.0,0.0,0.0,0.0,0.0,0.0,上場初日に終日値がつかなかった（特別買い気配・値幅制限未達）,O/MO/AO全NULL、全ストップフラグ0。需給不一致（特別買い気配）が終日継続したが値幅制限には到達せず取引不成立
2014-10-20 00:00:00,36930,360.0,360.0,,0.0,0.0,0.0,0.0,0.0,0.0,前場で初値成立・後場は値がつかなかった（後場特別買い気配継続・値幅制限未達）,O=MO=360.0、AO=NULL、全ストップフラグ0。前場初値成立後も需要超過で後場も特別買い気配継続。ストップ高未達のまま引け
2014-10-21 00:00:00,36950,,,,0.0,0.0,0.0,0.0,0.0,0.0,上場初日に終日値がつかなかった（特別買い気配・値幅制限未達）,O/MO/AO全NULL、全ストップフラグ0。需給不一致（特別買い気配）が終日継続したが値幅制限には到達せず取引不成立
2014-10-22 00:00:00,36940,,,,0.0,0.0,0.0,0.0,0.0,0.0,上場初日に終日値がつかなかった（特別買い気配・値幅制限未達）,O/MO/AO全NULL、全ストップフラグ0。需給不一致（特別買い気配）が終日継続したが値幅制限には到達せず取引不成立
2014-10-30 00:00:00,94670,4250.0,,4250.0,0.0,1.0,0.0,0.0,0.0,1.0,前場で値がつかず後場で初値成立・後場ストップ安到達（公募割れIPO）,O=AO=4250.0、MO=NULL、LL=1/ALL=1、AUL=0。後場に初値成立後、売り圧力が強く後場ストップ安まで急落（公募価格割れ）
2014-11-13 00:00:00,36970,,,,0.0,0.0,0.0,0.0,0.0,0.0,上場初日に終日値がつかなかった（特別買い気配・値幅制限未達）,O/MO/AO全NULL、全ストップフラグ0。需給不一致（特別買い気配）が終日継続したが値幅制限には到達せず取引不成立
2014-11-27 00:00:00,36980,,,,0.0,0.0,0.0,0.0,0.0,0.0,上場初日に終日値がつかなかった（特別買い気配・値幅制限未達）,O/MO/AO全NULL、全ストップフラグ0。需給不一致（特別買い気配）が終日継続したが値幅制限には到達せず取引不成立
2014-12-11 00:00:00,34520,,,,0.0,0.0,0.0,0.0,0.0,0.0,上場初日に終日値がつかなかった（特別買い気配・値幅制限未達）,O/MO/AO全NULL、全ストップフラグ0。需給不一致（特別買い気配）が終日継続したが値幅制限には到達せず取引不成立
2014-12-11 00:00:00,60260,13640.0,,13640.0,0.0,1.0,0.0,0.0,0.0,1.0,前場で値がつかず後場で初値成立・後場ストップ安到達（公募割れIPO）,O=AO=13640.0、MO=NULL、LL=1/ALL=1、AUL=0。後場に初値成立後、売り圧力が強く後場ストップ安まで急落（公募価格割れ）
2014-12-11 00:00:00,78160,5390.0,,5390.0,0.0,0.0,0.0,0.0,0.0,0.0,前場で値がつかず後場で初値成立（後場初値・ストップ未達）,O=AO=5390.0、MO=NULL、全ストップフラグ0。前場は特別買い気配継続で取引不成立、後場に需給一致し初値成立
2014-12-11 00:00:00,60270,,,,0.0,0.0,0.0,0.0,0.0,0.0,上場初日に終日値がつかなかった（特別買い気配・値幅制限未達）,O/MO/AO全NULL、全ストップフラグ0。需給不一致（特別買い気配）が終日継続したが値幅制限には到達せず取引不成立
2014-12-16 00:00:00,39020,12220.0,,12220.0,1.0,0.0,0.0,0.0,1.0,0.0,前場で値がつかず後場で初値成立・後場ストップ高到達（人気IPO）,O=AO=12220.0、MO=NULL、UL=1/AUL=1、ALL=0。前場は特別買い気配継続、後場で需給一致し初値成立。後場でストップ高到達
2014-12-18 00:00:00,60300,5680.0,,5680.0,0.0,1.0,0.0,0.0,0.0,1.0,前場で値がつかず後場で初値成立・後場ストップ安到達（公募割れIPO）,O=AO=5680.0、MO=NULL、LL=1/ALL=1、AUL=0。後場に初値成立後、売り圧力が強く後場ストップ安まで急落（公募価格割れ）
2014-12-19 00:00:00,60310,5780.0,,5780.0,0.0,1.0,0.0,0.0,0.0,1.0,前場で値がつかず後場で初値成立・後場ストップ安到達（公募割れIPO）,O=AO=5780.0、MO=NULL、LL=1/ALL=1、AUL=0。後場に初値成立後、売り圧力が強く後場ストップ安まで急落（公募価格割れ）
2014-12-25 00:00:00,60330,,,,0.0,0.0,0.0,0.0,0.0,0.0,上場初日に終日値がつかなかった（特別買い気配・値幅制限未達）,O/MO/AO全NULL、全ストップフラグ0。需給不一致（特別買い気配）が終日継続したが値幅制限には到達せず取引不成立
2014-12-25 00:00:00,39040,,,,0.0,0.0,0.0,0.0,0.0,0.0,上場初日に終日値がつかなかった（特別買い気配・値幅制限未達）,O/MO/AO全NULL、全ストップフラグ0。需給不一致（特別買い気配）が終日継続したが値幅制限には到達せず取引不成立
2014-12-26 00:00:00,60340,,,,0.0,0.0,0.0,0.0,0.0,0.0,上場初日に終日値がつかなかった（特別買い気配・値幅制限未達）,O/MO/AO全NULL、全ストップフラグ0。需給不一致（特別買い気配）が終日継続したが値幅制限には到達せず取引不成立
2015-01-27 00:00:00,71760,4390.0,4390.0,,0.0,0.0,0.0,0.0,0.0,0.0,前場で初値成立・後場は値がつかなかった（後場特別買い気配継続・値幅制限未達）,O=MO=4390.0、AO=NULL、全ストップフラグ0。前場初値成立後も需要超過で後場も特別買い気配継続。ストップ高未達のまま引け
2015-02-19 00:00:00,39060,6040.0,,6040.0,0.0,0.0,0.0,0.0,0.0,0.0,前場で値がつかず後場で初値成立（後場初値・ストップ未達）,O=AO=6040.0、MO=NULL、全ストップフラグ0。前場は特別買い気配継続で取引不成立、後場に需給一致し初値成立
2015-02-23 00:00:00,39070,9900.0,,9900.0,1.0,0.0,0.0,0.0,1.0,0.0,前場で値がつかず後場で初値成立・後場ストップ高到達（人気IPO）,O=AO=9900.0、MO=NULL、UL=1/AUL=1、ALL=0。前場は特別買い気配継続、後場で需給一致し初値成立。後場でストップ高到達
2015-03-16 00:00:00,20490,9760.0,9760.0,,0.0,0.0,0.0,0.0,0.0,0.0,前場で初値成立・後場は値がつかなかった（後場特別買い気配継続・値幅制限未達）,O=MO=9760.0、AO=NULL、全ストップフラグ0。前場初値成立後も需要超過で後場も特別買い気配継続。ストップ高未達のまま引け
2015-03-17 00:00:00,39100,,,,0.0,0.0,0.0,0.0,0.0,0.0,上場初日に終日値がつかなかった（特別買い気配・値幅制限未達）,O/MO/AO全NULL、全ストップフラグ0。需給不一致（特別買い気配）が終日継続したが値幅制限には到達せず取引不成立
2015-03-17 00:00:00,39080,,,,0.0,0.0,0.0,0.0,0.0,0.0,上場初日に終日値がつかなかった（特別買い気配・値幅制限未達）,O/MO/AO全NULL、全ストップフラグ0。需給不一致（特別買い気配）が終日継続したが値幅制限には到達せず取引不成立
2015-03-18 00:00:00,13930,24320.0,24320.0,,0.0,0.0,0.0,0.0,0.0,0.0,前場で初値成立・後場は値がつかなかった（後場特別買い気配継続・値幅制限未達）,O=MO=24320.0、AO=NULL、全ストップフラグ0。前場初値成立後も需要超過で後場も特別買い気配継続。ストップ高未達のまま引け
2015-03-19 00:00:00,39090,,,,0.0,0.0,0.0,0.0,0.0,0.0,上場初日に終日値がつかなかった（特別買い気配・値幅制限未達）,O/MO/AO全NULL、全ストップフラグ0。需給不一致（特別買い気配）が終日継続したが値幅制限には到達せず取引不成立
2015-03-23 00:00:00,34560,510.0,510.0,,0.0,0.0,0.0,0.0,0.0,0.0,前場で初値成立・後場は値がつかなかった（後場特別買い気配継続・値幅制限未達）,O=MO=510.0、AO=NULL、全ストップフラグ0。前場初値成立後も需要超過で後場も特別買い気配継続。ストップ高未達のまま引け
2015-03-26 00:00:00,39120,2812.0,,2812.0,0.0,0.0,0.0,0.0,0.0,0.0,前場で値がつかず後場で初値成立（後場初値・ストップ未達）,O=AO=2812.0、MO=NULL、全ストップフラグ0。前場は特別買い気配継続で取引不成立、後場に需給一致し初値成立
2015-04-28 00:00:00,39140,,,,0.0,0.0,0.0,0.0,0.0,0.0,上場初日に終日値がつかなかった（特別買い気配・値幅制限未達）,O/MO/AO全NULL、全ストップフラグ0。需給不一致（特別買い気配）が終日継続したが値幅制限には到達せず取引不成立
2015-04-30 00:00:00,39150,,,,0.0,0.0,0.0,0.0,0.0,0.0,上場初日に終日値がつかなかった（特別買い気配・値幅制限未達）,O/MO/AO全NULL、全ストップフラグ0。需給不一致（特別買い気配）が終日継続したが値幅制限には到達せず取引不成立
2015-06-16 00:00:00,94170,,,,0.0,0.0,0.0,0.0,0.0,0.0,上場初日に終日値がつかなかった（特別買い気配・値幅制限未達）,O/MO/AO全NULL、全ストップフラグ0。需給不一致（特別買い気配）が終日継続したが値幅制限には到達せず取引不成立
2015-06-17 00:00:00,31350,,,,0.0,0.0,0.0,0.0,0.0,0.0,上場初日に終日値がつかなかった（特別買い気配・値幅制限未達）,O/MO/AO全NULL、全ストップフラグ0。需給不一致（特別買い気配）が終日継続したが値幅制限には到達せず取引不成立
2015-06-18 00:00:00,39160,,,,0.0,0.0,0.0,0.0,0.0,0.0,上場初日に終日値がつかなかった（特別買い気配・値幅制限未達）,O/MO/AO全NULL、全ストップフラグ0。需給不一致（特別買い気配）が終日継続したが値幅制限には到達せず取引不成立
2015-06-25 00:00:00,31370,1546.0,,1546.0,0.0,0.0,0.0,0.0,0.0,0.0,前場で値がつかず後場で初値成立（後場初値・ストップ未達）,O=AO=1546.0、MO=NULL、全ストップフラグ0。前場は特別買い気配継続で取引不成立、後場に需給一致し初値成立
2015-07-07 00:00:00,31380,,,,0.0,0.0,0.0,0.0,0.0,0.0,上場初日に終日値がつかなかった（特別買い気配・値幅制限未達）,O/MO/AO全NULL、全ストップフラグ0。需給不一致（特別買い気配）が終日継続したが値幅制限には到達せず取引不成立
2015-07-08 00:00:00,78120,1751.0,,1751.0,0.0,0.0,0.0,0.0,0.0,0.0,前場で値がつかず後場で初値成立（後場初値・ストップ未達）,O=AO=1751.0、MO=NULL、全ストップフラグ0。前場は特別買い気配継続で取引不成立、後場に需給一致し初値成立
2015-07-16 00:00:00,39170,,,,0.0,0.0,0.0,0.0,0.0,0.0,上場初日に終日値がつかなかった（特別買い気配・値幅制限未達）,O/MO/AO全NULL、全ストップフラグ0。需給不一致（特別買い気配）が終日継続したが値幅制限には到達せず取引不成立
2015-08-04 00:00:00,39180,,,,0.0,0.0,0.0,0.0,0.0,0.0,上場初日に終日値がつかなかった（特別買い気配・値幅制限未達）,O/MO/AO全NULL、全ストップフラグ0。需給不一致（特別買い気配）が終日継続したが値幅制限には到達せず取引不成立
2015-08-18 00:00:00,14320,174.0,174.0,,0.0,0.0,0.0,0.0,0.0,0.0,前場で初値成立・後場は値がつかなかった（後場特別買い気配継続・値幅制限未達）,O=MO=174.0、AO=NULL、全ストップフラグ0。前場初値成立後も需要超過で後場も特別買い気配継続。ストップ高未達のまま引け
2015-09-11 00:00:00,61740,3200.0,3200.0,,0.0,0.0,0.0,0.0,0.0,0.0,前場で初値成立・後場は値がつかなかった（後場特別買い気配継続・値幅制限未達）,O=MO=3200.0、AO=NULL、全ストップフラグ0。前場初値成立後も需要超過で後場も特別買い気配継続。ストップ高未達のまま引け
2015-09-15 00:00:00,39200,,,,0.0,0.0,0.0,0.0,0.0,0.0,上場初日に終日値がつかなかった（特別買い気配・値幅制限未達）,O/MO/AO全NULL、全ストップフラグ0。需給不一致（特別買い気配）が終日継続したが値幅制限には到達せず取引不成立
2015-10-01 00:00:00,34170,475.0,475.0,,0.0,0.0,0.0,0.0,0.0,0.0,前場で初値成立・後場は値がつかなかった（後場特別買い気配継続・値幅制限未達）,O=MO=475.0、AO=NULL、全ストップフラグ0。前場初値成立後も需要超過で後場も特別買い気配継続。ストップ高未達のまま引け
2015-10-15 00:00:00,61790,17000.0,17000.0,,0.0,0.0,0.0,0.0,0.0,0.0,前場で初値成立・後場は値がつかなかった（後場特別買い気配継続・値幅制限未達）,O=MO=17000.0、AO=NULL、全ストップフラグ0。前場初値成立後も需要超過で後場も特別買い気配継続。ストップ高未達のまま引け
2015-10-23 00:00:00,61800,,,,0.0,0.0,0.0,0.0,0.0,0.0,上場初日に終日値がつかなかった（特別買い気配・値幅制限未達）,O/MO/AO全NULL、全ストップフラグ0。需給不一致（特別買い気配）が終日継続したが値幅制限には到達せず取引不成立
2015-10-27 00:00:00,61810,,,,0.0,0.0,0.0,0.0,0.0,0.0,上場初日に終日値がつかなかった（特別買い気配・値幅制限未達）,O/MO/AO全NULL、全ストップフラグ0。需給不一致（特別買い気配）が終日継続したが値幅制限には到達せず取引不成立
2015-10-28 00:00:00,34180,5750.0,,5750.0,0.0,1.0,0.0,0.0,0.0,1.0,前場で値がつかず後場で初値成立・後場ストップ安到達（公募割れIPO）,O=AO=5750.0、MO=NULL、LL=1/ALL=1、AUL=0。後場に初値成立後、売り圧力が強く後場ストップ安まで急落（公募価格割れ）
2015-11-19 00:00:00,71830,,,,0.0,0.0,0.0,0.0,0.0,0.0,上場初日に終日値がつかなかった（特別買い気配・値幅制限未達）,O/MO/AO全NULL、全ストップフラグ0。需給不一致（特別買い気配）が終日継続したが値幅制限には到達せず取引不成立
2015-11-19 00:00:00,61820,,,,0.0,0.0,0.0,0.0,0.0,0.0,上場初日に終日値がつかなかった（特別買い気配・値幅制限未達）,O/MO/AO全NULL、全ストップフラグ0。需給不一致（特別買い気配）が終日継続したが値幅制限には到達せず取引不成立
2015-11-25 00:00:00,36510,2000.0,2000.0,,0.0,0.0,0.0,0.0,0.0,0.0,前場で初値成立・後場は値がつかなかった（後場特別買い気配継続・値幅制限未達）,O=MO=2000.0、AO=NULL、全ストップフラグ0。前場初値成立後も需要超過で後場も特別買い気配継続。ストップ高未達のまま引け
2015-11-27 00:00:00,39210,,,,0.0,0.0,0.0,0.0,0.0,0.0,上場初日に終日値がつかなかった（特別買い気配・値幅制限未達）,O/MO/AO全NULL、全ストップフラグ0。需給不一致（特別買い気配）が終日継続したが値幅制限には到達せず取引不成立
2015-12-03 00:00:00,14350,3615.0,,3615.0,0.0,0.0,0.0,0.0,0.0,0.0,前場で値がつかず後場で初値成立（後場初値・ストップ未達）,O=AO=3615.0、MO=NULL、全ストップフラグ0。前場は特別買い気配継続で取引不成立、後場に需給一致し初値成立
2015-12-04 00:00:00,61840,,,,0.0,0.0,0.0,0.0,0.0,0.0,上場初日に終日値がつかなかった（特別買い気配・値幅制限未達）,O/MO/AO全NULL、全ストップフラグ0。需給不一致（特別買い気配）が終日継続したが値幅制限には到達せず取引不成立
2015-12-09 00:00:00,39230,,,,0.0,0.0,0.0,0.0,0.0,0.0,上場初日に終日値がつかなかった（特別買い気配・値幅制限未達）,O/MO/AO全NULL、全ストップフラグ0。需給不一致（特別買い気配）が終日継続したが値幅制限には到達せず取引不成立
2015-12-11 00:00:00,39240,3580.0,,3580.0,0.0,0.0,0.0,0.0,0.0,0.0,前場で値がつかず後場で初値成立（後場初値・ストップ未達）,O=AO=3580.0、MO=NULL、全ストップフラグ0。前場は特別買い気配継続で取引不成立、後場に需給一致し初値成立
2015-12-15 00:00:00,39250,5010.0,,5010.0,1.0,0.0,0.0,0.0,1.0,0.0,前場で値がつかず後場で初値成立・後場ストップ高到達（人気IPO）,O=AO=5010.0、MO=NULL、UL=1/AUL=1、ALL=0。前場は特別買い気配継続、後場で需給一致し初値成立。後場でストップ高到達
2015-12-17 00:00:00,45950,,,,0.0,0.0,0.0,0.0,0.0,0.0,上場初日に終日値がつかなかった（特別買い気配・値幅制限未達）,O/MO/AO全NULL、全ストップフラグ0。需給不一致（特別買い気配）が終日継続したが値幅制限には到達せず取引不成立
2015-12-18 00:00:00,39270,,,,0.0,0.0,0.0,0.0,0.0,0.0,上場初日に終日値がつかなかった（特別買い気配・値幅制限未達）,O/MO/AO全NULL、全ストップフラグ0。需給不一致（特別買い気配）が終日継続したが値幅制限には到達せず取引不成立
2015-12-22 00:00:00,61850,,,,0.0,0.0,0.0,0.0,0.0,0.0,上場初日に終日値がつかなかった（特別買い気配・値幅制限未達）,O/MO/AO全NULL、全ストップフラグ0。需給不一致（特別買い気配）が終日継続したが値幅制限には到達せず取引不成立
2015-12-22 00:00:00,34640,3010.0,,3010.0,0.0,1.0,0.0,0.0,0.0,1.0,前場で値がつかず後場で初値成立・後場ストップ安到達（公募割れIPO）,O=AO=3010.0、MO=NULL、LL=1/ALL=1、AUL=0。後場に初値成立後、売り圧力が強く後場ストップ安まで急落（公募価格割れ）
2016-02-24 00:00:00,39300,,,,0.0,0.0,0.0,0.0,0.0,0.0,上場初日に終日値がつかなかった（特別買い気配・値幅制限未達）,O/MO/AO全NULL、全ストップフラグ0。需給不一致（特別買い気配）が終日継続したが値幅制限には到達せず取引不成立
2016-03-02 00:00:00,39310,,,,0.0,0.0,0.0,0.0,0.0,0.0,上場初日に終日値がつかなかった（特別買い気配・値幅制限未達）,O/MO/AO全NULL、全ストップフラグ0。需給不一致（特別買い気配）が終日継続したが値幅制限には到達せず取引不成立
2016-03-14 00:00:00,61870,1880.0,,1880.0,1.0,0.0,0.0,0.0,1.0,0.0,前場で値がつかず後場で初値成立・後場ストップ高到達（人気IPO）,O=AO=1880.0、MO=NULL、UL=1/AUL=1、ALL=0。前場は特別買い気配継続、後場で需給一致し初値成立。後場でストップ高到達
2016-03-18 00:00:00,34670,3505.0,,3505.0,0.0,1.0,0.0,0.0,0.0,1.0,前場で値がつかず後場で初値成立・後場ストップ安到達（公募割れIPO）,O=AO=3505.0、MO=NULL、LL=1/ALL=1、AUL=0。後場に初値成立後、売り圧力が強く後場ストップ安まで急落（公募価格割れ）
2016-03-22 00:00:00,39330,,,,0.0,0.0,0.0,0.0,0.0,0.0,上場初日に終日値がつかなかった（特別買い気配・値幅制限未達）,O/MO/AO全NULL、全ストップフラグ0。需給不一致（特別買い気配）が終日継続したが値幅制限には到達せず取引不成立
2016-04-05 00:00:00,61920,,,,0.0,0.0,0.0,0.0,0.0,0.0,上場初日に終日値がつかなかった（特別買い気配・値幅制限未達）,O/MO/AO全NULL、全ストップフラグ0。需給不一致（特別買い気配）が終日継続したが値幅制限には到達せず取引不成立
2016-04-15 00:00:00,39350,3165.0,,3165.0,0.0,0.0,0.0,0.0,0.0,0.0,前場で値がつかず後場で初値成立（後場初値・ストップ未達）,O=AO=3165.0、MO=NULL、全ストップフラグ0。前場は特別買い気配継続で取引不成立、後場に需給一致し初値成立
2016-04-19 00:00:00,39360,,,,0.0,0.0,0.0,0.0,0.0,0.0,上場初日に終日値がつかなかった（特別買い気配・値幅制限未達）,O/MO/AO全NULL、全ストップフラグ0。需給不一致（特別買い気配）が終日継続したが値幅制限には到達せず取引不成立
2016-06-15 00:00:00,61950,3220.0,,3220.0,0.0,1.0,0.0,0.0,0.0,1.0,前場で値がつかず後場で初値成立・後場ストップ安到達（公募割れIPO）,O=AO=3220.0、MO=NULL、LL=1/ALL=1、AUL=0。後場に初値成立後、売り圧力が強く後場ストップ安まで急落（公募価格割れ）
2016-06-15 00:00:00,61940,12720.0,,12720.0,0.0,0.0,0.0,0.0,0.0,0.0,前場で値がつかず後場で初値成立（後場初値・ストップ未達）,O=AO=12720.0、MO=NULL、全ストップフラグ0。前場は特別買い気配継続で取引不成立、後場に需給一致し初値成立
2016-06-16 00:00:00,63971,,,,0.0,0.0,0.0,0.0,0.0,0.0,上場初日に終日値がつかなかった（特別買い気配・値幅制限未達）,O/MO/AO全NULL、全ストップフラグ0。需給不一致（特別買い気配）が終日継続したが値幅制限には到達せず取引不成立
2016-06-16 00:00:00,35410,1870.0,,1870.0,1.0,0.0,0.0,0.0,1.0,0.0,前場で値がつかず後場で初値成立・後場ストップ高到達（人気IPO）,O=AO=1870.0、MO=NULL、UL=1/AUL=1、ALL=0。前場は特別買い気配継続、後場で需給一致し初値成立。後場でストップ高到達
2016-06-17 00:00:00,35400,12000.0,12000.0,,0.0,0.0,0.0,0.0,0.0,0.0,前場で初値成立・後場は値がつかなかった（後場特別買い気配継続・値幅制限未達）,O=MO=12000.0、AO=NULL、全ストップフラグ0。前場初値成立後も需要超過で後場も特別買い気配継続。ストップ高未達のまま引け
2016-06-21 00:00:00,61960,,,,0.0,0.0,0.0,0.0,0.0,0.0,上場初日に終日値がつかなかった（特別買い気配・値幅制限未達）,O/MO/AO全NULL、全ストップフラグ0。需給不一致（特別買い気配）が終日継続したが値幅制限には到達せず取引不成立
2016-06-21 00:00:00,39370,,,,0.0,0.0,0.0,0.0,0.0,0.0,上場初日に終日値がつかなかった（特別買い気配・値幅制限未達）,O/MO/AO全NULL、全ストップフラグ0。需給不一致（特別買い気配）が終日継続したが値幅制限には到達せず取引不成立
2016-06-23 00:00:00,24520,600.0,,600.0,0.0,0.0,0.0,0.0,0.0,0.0,前場で値がつかず後場で初値成立（後場初値・ストップ未達）,O=AO=600.0、MO=NULL、全ストップフラグ0。前場は特別買い気配継続で取引不成立、後場に需給一致し初値成立
2016-06-27 00:00:00,61980,3870.0,,3870.0,0.0,0.0,0.0,0.0,0.0,0.0,前場で値がつかず後場で初値成立（後場初値・ストップ未達）,O=AO=3870.0、MO=NULL、全ストップフラグ0。前場は特別買い気配継続で取引不成立、後場に需給一致し初値成立
2016-07-01 00:00:00,61990,,,,0.0,0.0,0.0,0.0,0.0,0.0,上場初日に終日値がつかなかった（特別買い気配・値幅制限未達）,O/MO/AO全NULL、全ストップフラグ0。需給不一致（特別買い気配）が終日継続したが値幅制限には到達せず取引不成立
2016-07-07 00:00:00,14370,750.0,750.0,,0.0,0.0,0.0,0.0,0.0,0.0,前場で初値成立・後場は値がつかなかった（後場特別買い気配継続・値幅制限未達）,O=MO=750.0、AO=NULL、全ストップフラグ0。前場初値成立後も需要超過で後場も特別買い気配継続。ストップ高未達のまま引け
2016-07-21 00:00:00,34690,2520.0,,2520.0,0.0,1.0,0.0,0.0,0.0,1.0,前場で値がつかず後場で初値成立・後場ストップ安到達（公募割れIPO）,O=AO=2520.0、MO=NULL、LL=1/ALL=1、AUL=0。後場に初値成立後、売り圧力が強く後場ストップ安まで急落（公募価格割れ）
2016-08-31 00:00:00,14860,20370.0,,20370.0,0.0,0.0,0.0,0.0,0.0,0.0,前場で値がつかず後場で初値成立（後場初値・ストップ未達）,O=AO=20370.0、MO=NULL、全ストップフラグ0。前場は特別買い気配継続で取引不成立、後場に需給一致し初値成立
2016-08-31 00:00:00,14870,20200.0,20200.0,,0.0,0.0,0.0,0.0,0.0,0.0,前場で初値成立・後場は値がつかなかった（後場特別買い気配継続・値幅制限未達）,O=MO=20200.0、AO=NULL、全ストップフラグ0。前場初値成立後も需要超過で後場も特別買い気配継続。ストップ高未達のまま引け
2016-09-14 00:00:00,39390,,,,0.0,0.0,0.0,0.0,0.0,0.0,上場初日に終日値がつかなかった（特別買い気配・値幅制限未達）,O/MO/AO全NULL、全ストップフラグ0。需給不一致（特別買い気配）が終日継続したが値幅制限には到達せず取引不成立
2016-09-14 00:00:00,65330,2900.0,,2900.0,0.0,0.0,0.0,0.0,0.0,0.0,前場で値がつかず後場で初値成立（後場初値・ストップ未達）,O=AO=2900.0、MO=NULL、全ストップフラグ0。前場は特別買い気配継続で取引不成立、後場に需給一致し初値成立
2016-09-26 00:00:00,39600,4315.0,,4315.0,0.0,0.0,0.0,0.0,0.0,0.0,前場で値がつかず後場で初値成立（後場初値・ストップ未達）,O=AO=4315.0、MO=NULL、全ストップフラグ0。前場は特別買い気配継続で取引不成立、後場に需給一致し初値成立
2016-09-27 00:00:00,39610,,,,0.0,0.0,0.0,0.0,0.0,0.0,上場初日に終日値がつかなかった（特別買い気配・値幅制限未達）,O/MO/AO全NULL、全ストップフラグ0。需給不一致（特別買い気配）が終日継続したが値幅制限には到達せず取引不成立
2016-09-27 00:00:00,39620,,,,0.0,0.0,0.0,0.0,0.0,0.0,上場初日に終日値がつかなかった（特別買い気配・値幅制限未達）,O/MO/AO全NULL、全ストップフラグ0。需給不一致（特別買い気配）が終日継続したが値幅制限には到達せず取引不成立
2016-10-07 00:00:00,39650,,,,0.0,0.0,0.0,0.0,0.0,0.0,上場初日に終日値がつかなかった（特別買い気配・値幅制限未達）,O/MO/AO全NULL、全ストップフラグ0。需給不一致（特別買い気配）が終日継続したが値幅制限には到達せず取引不成立
2016-11-18 00:00:00,32670,,,,0.0,0.0,0.0,0.0,0.0,0.0,上場初日に終日値がつかなかった（特別買い気配・値幅制限未達）,O/MO/AO全NULL、全ストップフラグ0。需給不一致（特別買い気配）が終日継続したが値幅制限には到達せず取引不成立
2016-11-29 00:00:00,57040,1816.0,,1816.0,0.0,0.0,0.0,0.0,0.0,0.0,前場で値がつかず後場で初値成立（後場初値・ストップ未達）,O=AO=1816.0、MO=NULL、全ストップフラグ0。前場は特別買い気配継続で取引不成立、後場に需給一致し初値成立
2016-11-29 00:00:00,39670,,,,0.0,0.0,0.0,0.0,0.0,0.0,上場初日に終日値がつかなかった（特別買い気配・値幅制限未達）,O/MO/AO全NULL、全ストップフラグ0。需給不一致（特別買い気配）が終日継続したが値幅制限には到達せず取引不成立
2016-12-01 00:00:00,20650,10320.0,10320.0,,0.0,0.0,0.0,0.0,0.0,0.0,前場で初値成立・後場は値がつかなかった（後場特別買い気配継続・値幅制限未達）,O=MO=10320.0、AO=NULL、全ストップフラグ0。前場初値成立後も需要超過で後場も特別買い気配継続。ストップ高未達のまま引け
2016-12-20 00:00:00,35560,3530.0,,3530.0,0.0,0.0,0.0,0.0,0.0,0.0,前場で値がつかず後場で初値成立（後場初値・ストップ未達）,O=AO=3530.0、MO=NULL、全ストップフラグ0。前場は特別買い気配継続で取引不成立、後場に需給一致し初値成立
2016-12-21 00:00:00,65410,7130.0,,7130.0,0.0,1.0,0.0,0.0,0.0,1.0,前場で値がつかず後場で初値成立・後場ストップ安到達（公募割れIPO）,O=AO=7130.0、MO=NULL、LL=1/ALL=1、AUL=0。後場に初値成立後、売り圧力が強く後場ストップ安まで急落（公募価格割れ）
2016-12-21 00:00:00,39700,,,,0.0,0.0,0.0,0.0,0.0,0.0,上場初日に終日値がつかなかった（特別買い気配・値幅制限未達）,O/MO/AO全NULL、全ストップフラグ0。需給不一致（特別買い気配）が終日継続したが値幅制限には到達せず取引不成立
2016-12-21 00:00:00,39680,,,,0.0,0.0,0.0,0.0,0.0,0.0,上場初日に終日値がつかなかった（特別買い気配・値幅制限未達）,O/MO/AO全NULL、全ストップフラグ0。需給不一致（特別買い気配）が終日継続したが値幅制限には到達せず取引不成立
2016-12-22 00:00:00,39690,4210.0,,4210.0,1.0,0.0,0.0,0.0,1.0,0.0,前場で値がつかず後場で初値成立・後場ストップ高到達（人気IPO）,O=AO=4210.0、MO=NULL、UL=1/AUL=1、ALL=0。前場は特別買い気配継続、後場で需給一致し初値成立。後場でストップ高到達
2016-12-27 00:00:00,39740,,,,0.0,0.0,0.0,0.0,0.0,0.0,上場初日に終日値がつかなかった（特別買い気配・値幅制限未達）,O/MO/AO全NULL、全ストップフラグ0。需給不一致（特別買い気配）が終日継続したが値幅制限には到達せず取引不成立
2017-01-27 00:00:00,39760,,,,0.0,0.0,0.0,0.0,0.0,0.0,上場初日に終日値がつかなかった（特別買い気配・値幅制限未達）,O/MO/AO全NULL、全ストップフラグ0。需給不一致（特別買い気配）が終日継続したが値幅制限には到達せず取引不成立
2017-02-16 00:00:00,65430,3000.0,,3000.0,0.0,0.0,0.0,0.0,0.0,0.0,前場で値がつかず後場で初値成立（後場初値・ストップ未達）,O=AO=3000.0、MO=NULL、全ストップフラグ0。前場は特別買い気配継続で取引不成立、後場に需給一致し初値成立
2017-02-23 00:00:00,35570,,,,0.0,0.0,0.0,0.0,0.0,0.0,上場初日に終日値がつかなかった（特別買い気配・値幅制限未達）,O/MO/AO全NULL、全ストップフラグ0。需給不一致（特別買い気配）が終日継続したが値幅制限には到達せず取引不成立
2017-03-01 00:00:00,20690,,,,0.0,0.0,0.0,0.0,0.0,0.0,上場初日に終日値がつかなかった（特別買い気配・値幅制限未達）,O/MO/AO全NULL、全ストップフラグ0。需給不一致（特別買い気配）が終日継続したが値幅制限には到達せず取引不成立
2017-03-01 00:00:00,20680,10190.0,10190.0,,0.0,0.0,0.0,0.0,0.0,0.0,前場で初値成立・後場は値がつかなかった（後場特別買い気配継続・値幅制限未達）,O=MO=10190.0、AO=NULL、全ストップフラグ0。前場初値成立後も需要超過で後場も特別買い気配継続。ストップ高未達のまま引け
2017-03-03 00:00:00,14400,500.0,500.0,,0.0,0.0,0.0,0.0,0.0,0.0,前場で初値成立・後場は値がつかなかった（後場特別買い気配継続・値幅制限未達）,O=MO=500.0、AO=NULL、全ストップフラグ0。前場初値成立後も需要超過で後場も特別買い気配継続。ストップ高未達のまま引け
2017-03-09 00:00:00,35590,3530.0,,3530.0,0.0,0.0,0.0,0.0,0.0,0.0,前場で値がつかず後場で初値成立（後場初値・ストップ未達）,O=AO=3530.0、MO=NULL、全ストップフラグ0。前場は特別買い気配継続で取引不成立、後場に需給一致し初値成立
2017-03-15 00:00:00,93250,,,,0.0,0.0,0.0,0.0,0.0,0.0,上場初日に終日値がつかなかった（特別買い気配・値幅制限未達）,O/MO/AO全NULL、全ストップフラグ0。需給不一致（特別買い気配）が終日継続したが値幅制限には到達せず取引不成立
2017-03-16 00:00:00,35600,,,,0.0,0.0,0.0,0.0,0.0,0.0,上場初日に終日値がつかなかった（特別買い気配・値幅制限未達）,O/MO/AO全NULL、全ストップフラグ0。需給不一致（特別買い気配）が終日継続したが値幅制限には到達せず取引不成立
2017-03-21 00:00:00,65450,,,,0.0,0.0,0.0,0.0,0.0,0.0,上場初日に終日値がつかなかった（特別買い気配・値幅制限未達）,O/MO/AO全NULL、全ストップフラグ0。需給不一致（特別買い気配）が終日継続したが値幅制限には到達せず取引不成立
2017-03-21 00:00:00,35610,,,,0.0,0.0,0.0,0.0,0.0,0.0,上場初日に終日値がつかなかった（特別買い気配・値幅制限未達）,O/MO/AO全NULL、全ストップフラグ0。需給不一致（特別買い気配）が終日継続したが値幅制限には到達せず取引不成立
2017-03-22 00:00:00,65460,1230.0,,1230.0,0.0,0.0,0.0,0.0,0.0,0.0,前場で値がつかず後場で初値成立（後場初値・ストップ未達）,O=AO=1230.0、MO=NULL、全ストップフラグ0。前場は特別買い気配継続で取引不成立、後場に需給一致し初値成立
2017-03-24 00:00:00,39830,4750.0,,4750.0,0.0,0.0,0.0,0.0,0.0,0.0,前場で値がつかず後場で初値成立（後場初値・ストップ未達）,O=AO=4750.0、MO=NULL、全ストップフラグ0。前場は特別買い気配継続で取引不成立、後場に需給一致し初値成立
2017-03-28 00:00:00,35620,3460.0,,3460.0,0.0,0.0,0.0,0.0,0.0,0.0,前場で値がつかず後場で初値成立（後場初値・ストップ未達）,O=AO=3460.0、MO=NULL、全ストップフラグ0。前場は特別買い気配継続で取引不成立、後場に需給一致し初値成立
2017-03-30 00:00:00,39840,,,,0.0,0.0,0.0,0.0,0.0,0.0,上場初日に終日値がつかなかった（特別買い気配・値幅制限未達）,O/MO/AO全NULL、全ストップフラグ0。需給不一致（特別買い気配）が終日継続したが値幅制限には到達せず取引不成立
2017-04-06 00:00:00,39850,,,,0.0,0.0,0.0,0.0,0.0,0.0,上場初日に終日値がつかなかった（特別買い気配・値幅制限未達）,O/MO/AO全NULL、全ストップフラグ0。需給不一致（特別買い気配）が終日継続したが値幅制限には到達せず取引不成立
2017-04-18 00:00:00,65480,,,,0.0,0.0,0.0,0.0,0.0,0.0,上場初日に終日値がつかなかった（特別買い気配・値幅制限未達）,O/MO/AO全NULL、全ストップフラグ0。需給不一致（特別買い気配）が終日継続したが値幅制限には到達せず取引不成立
2017-04-25 00:00:00,35650,,,,0.0,0.0,0.0,0.0,0.0,0.0,上場初日に終日値がつかなかった（特別買い気配・値幅制限未達）,O/MO/AO全NULL、全ストップフラグ0。需給不一致（特別買い気配）が終日継続したが値幅制限には到達せず取引不成立
2017-05-23 00:00:00,14930,14010.0,14010.0,,0.0,0.0,0.0,0.0,0.0,0.0,前場で初値成立・後場は値がつかなかった（後場特別買い気配継続・値幅制限未達）,O=MO=14010.0、AO=NULL、全ストップフラグ0。前場初値成立後も需要超過で後場も特別買い気配継続。ストップ高未達のまま引け
2017-06-15 00:00:00,39860,,,,0.0,0.0,0.0,0.0,0.0,0.0,上場初日に終日値がつかなかった（特別買い気配・値幅制限未達）,O/MO/AO全NULL、全ストップフラグ0。需給不一致（特別買い気配）が終日継続したが値幅制限には到達せず取引不成立
2017-06-20 00:00:00,65490,,,,0.0,0.0,0.0,0.0,0.0,0.0,上場初日に終日値がつかなかった（特別買い気配・値幅制限未達）,O/MO/AO全NULL、全ストップフラグ0。需給不一致（特別買い気配）が終日継続したが値幅制限には到達せず取引不成立
2017-06-27 00:00:00,65500,6060.0,,6060.0,0.0,0.0,0.0,0.0,0.0,0.0,前場で値がつかず後場で初値成立（後場初値・ストップ未達）,O=AO=6060.0、MO=NULL、全ストップフラグ0。前場は特別買い気配継続で取引不成立、後場に需給一致し初値成立
2017-06-30 00:00:00,66950,1500.0,1500.0,,0.0,0.0,0.0,0.0,0.0,0.0,前場で初値成立・後場は値がつかなかった（後場特別買い気配継続・値幅制限未達）,O=MO=1500.0、AO=NULL、全ストップフラグ0。前場初値成立後も需要超過で後場も特別買い気配継続。ストップ高未達のまま引け
2017-06-30 00:00:00,65520,4490.0,,4490.0,0.0,0.0,0.0,0.0,0.0,0.0,前場で値がつかず後場で初値成立（後場初値・ストップ未達）,O=AO=4490.0、MO=NULL、全ストップフラグ0。前場は特別買い気配継続で取引不成立、後場に需給一致し初値成立
2017-06-30 00:00:00,39880,5530.0,,5530.0,0.0,1.0,0.0,0.0,0.0,1.0,前場で値がつかず後場で初値成立・後場ストップ安到達（公募割れIPO）,O=AO=5530.0、MO=NULL、LL=1/ALL=1、AUL=0。後場に初値成立後、売り圧力が強く後場ストップ安まで急落（公募価格割れ）
2017-06-30 00:00:00,65510,4515.0,,4515.0,0.0,0.0,0.0,0.0,0.0,0.0,前場で値がつかず後場で初値成立（後場初値・ストップ未達）,O=AO=4515.0、MO=NULL、全ストップフラグ0。前場は特別買い気配継続で取引不成立、後場に需給一致し初値成立
2017-07-19 00:00:00,35660,,,,0.0,0.0,0.0,0.0,0.0,0.0,上場初日に終日値がつかなかった（特別買い気配・値幅制限未達）,O/MO/AO全NULL、全ストップフラグ0。需給不一致（特別買い気配）が終日継続したが値幅制限には到達せず取引不成立
2017-08-03 00:00:00,39890,2990.0,,2990.0,0.0,0.0,0.0,0.0,0.0,0.0,前場で値がつかず後場で初値成立（後場初値・ストップ未達）,O=AO=2990.0、MO=NULL、全ストップフラグ0。前場は特別買い気配継続で取引不成立、後場に需給一致し初値成立
2017-08-09 00:00:00,66960,,,,0.0,0.0,0.0,0.0,0.0,0.0,上場初日に終日値がつかなかった（特別買い気配・値幅制限未達）,O/MO/AO全NULL、全ストップフラグ0。需給不一致（特別買い気配）が終日継続したが値幅制限には到達せず取引不成立
2017-08-30 00:00:00,39900,,,,0.0,0.0,0.0,0.0,0.0,0.0,上場初日に終日値がつかなかった（特別買い気配・値幅制限未達）,O/MO/AO全NULL、全ストップフラグ0。需給不一致（特別買い気配）が終日継続したが値幅制限には到達せず取引不成立
2017-09-13 00:00:00,65540,4970.0,,4970.0,0.0,0.0,0.0,0.0,0.0,0.0,前場で値がつかず後場で初値成立（後場初値・ストップ未達）,O=AO=4970.0、MO=NULL、全ストップフラグ0。前場は特別買い気配継続で取引不成立、後場に需給一致し初値成立
2017-09-14 00:00:00,39910,,,,0.0,0.0,0.0,0.0,0.0,0.0,上場初日に終日値がつかなかった（特別買い気配・値幅制限未達）,O/MO/AO全NULL、全ストップフラグ0。需給不一致（特別買い気配）が終日継続したが値幅制限には到達せず取引不成立
2017-09-19 00:00:00,23360,495.0,495.0,,0.0,0.0,0.0,0.0,0.0,0.0,前場で初値成立・後場は値がつかなかった（後場特別買い気配継続・値幅制限未達）,O=MO=495.0、AO=NULL、全ストップフラグ0。前場初値成立後も需要超過で後場も特別買い気配継続。ストップ高未達のまま引け
2017-09-20 00:00:00,39920,3850.0,,3850.0,0.0,0.0,0.0,0.0,0.0,0.0,前場で値がつかず後場で初値成立（後場初値・ストップ未達）,O=AO=3850.0、MO=NULL、全ストップフラグ0。前場は特別買い気配継続で取引不成立、後場に需給一致し初値成立
2017-09-22 00:00:00,39930,5480.0,,5480.0,0.0,0.0,0.0,0.0,0.0,0.0,前場で値がつかず後場で初値成立（後場初値・ストップ未達）,O=AO=5480.0、MO=NULL、全ストップフラグ0。前場は特別買い気配継続で取引不成立、後場に需給一致し初値成立
2017-09-29 00:00:00,39940,3000.0,,3000.0,0.0,0.0,0.0,0.0,0.0,0.0,前場で値がつかず後場で初値成立（後場初値・ストップ未達）,O=AO=3000.0、MO=NULL、全ストップフラグ0。前場は特別買い気配継続で取引不成立、後場に需給一致し初値成立
2017-10-17 00:00:00,65570,518.0,518.0,,0.0,0.0,0.0,0.0,0.0,0.0,前場で初値成立・後場は値がつかなかった（後場特別買い気配継続・値幅制限未達）,O=MO=518.0、AO=NULL、全ストップフラグ0。前場初値成立後も需要超過で後場も特別買い気配継続。ストップ高未達のまま引け
2017-10-17 00:00:00,92610,60.0,60.0,,0.0,0.0,0.0,0.0,0.0,0.0,前場で初値成立・後場は値がつかなかった（後場特別買い気配継続・値幅制限未達）,O=MO=60.0、AO=NULL、全ストップフラグ0。前場初値成立後も需要超過で後場も特別買い気配継続。ストップ高未達のまま引け
2017-10-24 00:00:00,34830,1500.0,1500.0,,0.0,0.0,0.0,0.0,0.0,0.0,前場で初値成立・後場は値がつかなかった（後場特別買い気配継続・値幅制限未達）,O=MO=1500.0、AO=NULL、全ストップフラグ0。前場初値成立後も需要超過で後場も特別買い気配継続。ストップ高未達のまま引け
2017-10-25 00:00:00,92620,4630.0,,4630.0,0.0,0.0,0.0,0.0,0.0,0.0,前場で値がつかず後場で初値成立（後場初値・ストップ未達）,O=AO=4630.0、MO=NULL、全ストップフラグ0。前場は特別買い気配継続で取引不成立、後場に需給一致し初値成立
2017-10-25 00:00:00,34840,6000.0,,6000.0,1.0,0.0,0.0,0.0,1.0,0.0,前場で値がつかず後場で初値成立・後場ストップ高到達（人気IPO）,O=AO=6000.0、MO=NULL、UL=1/AUL=1、ALL=0。前場は特別買い気配継続、後場で需給一致し初値成立。後場でストップ高到達
2017-10-26 00:00:00,39950,,,,0.0,0.0,0.0,0.0,0.0,0.0,上場初日に終日値がつかなかった（特別買い気配・値幅制限未達）,O/MO/AO全NULL、全ストップフラグ0。需給不一致（特別買い気配）が終日継続したが値幅制限には到達せず取引不成立
2017-10-30 00:00:00,93880,2000.0,2000.0,,0.0,0.0,0.0,0.0,0.0,0.0,前場で初値成立・後場は値がつかなかった（後場特別買い気配継続・値幅制限未達）,O=MO=2000.0、AO=NULL、全ストップフラグ0。前場初値成立後も需要超過で後場も特別買い気配継続。ストップ高未達のまま引け
2017-11-15 00:00:00,78080,2724.0,,2724.0,0.0,0.0,0.0,0.0,0.0,0.0,前場で値がつかず後場で初値成立（後場初値・ストップ未達）,O=AO=2724.0、MO=NULL、全ストップフラグ0。前場は特別買い気配継続で取引不成立、後場に需給一致し初値成立
2017-11-21 00:00:00,39960,,,,0.0,0.0,0.0,0.0,0.0,0.0,上場初日に終日値がつかなかった（特別買い気配・値幅制限未達）,O/MO/AO全NULL、全ストップフラグ0。需給不一致（特別買い気配）が終日継続したが値幅制限には到達せず取引不成立
2017-11-28 00:00:00,78070,,,,0.0,0.0,0.0,0.0,0.0,0.0,上場初日に終日値がつかなかった（特別買い気配・値幅制限未達）,O/MO/AO全NULL、全ストップフラグ0。需給不一致（特別買い気配）が終日継続したが値幅制限には到達せず取引不成立
2017-11-28 00:00:00,92640,,,,0.0,0.0,0.0,0.0,0.0,0.0,上場初日に終日値がつかなかった（特別買い気配・値幅制限未達）,O/MO/AO全NULL、全ストップフラグ0。需給不一致（特別買い気配）が終日継続したが値幅制限には到達せず取引不成立
2017-11-28 00:00:00,65580,5280.0,,5280.0,1.0,0.0,0.0,0.0,1.0,0.0,前場で値がつかず後場で初値成立・後場ストップ高到達（人気IPO）,O=AO=5280.0、MO=NULL、UL=1/AUL=1、ALL=0。前場は特別買い気配継続、後場で需給一致し初値成立。後場でストップ高到達
2017-11-29 00:00:00,39970,,,,0.0,0.0,0.0,0.0,0.0,0.0,上場初日に終日値がつかなかった（特別買い気配・値幅制限未達）,O/MO/AO全NULL、全ストップフラグ0。需給不一致（特別買い気配）が終日継続したが値幅制限には到達せず取引不成立
2017-12-12 00:00:00,92660,,,,0.0,0.0,0.0,0.0,0.0,0.0,上場初日に終日値がつかなかった（特別買い気配・値幅制限未達）,O/MO/AO全NULL、全ストップフラグ0。需給不一致（特別買い気配）が終日継続したが値幅制限には到達せず取引不成立
2017-12-13 00:00:00,66980,,,,0.0,0.0,0.0,0.0,0.0,0.0,上場初日に終日値がつかなかった（特別買い気配・値幅制限未達）,O/MO/AO全NULL、全ストップフラグ0。需給不一致（特別買い気配）が終日継続したが値幅制限には到達せず取引不成立
2017-12-13 00:00:00,34860,6130.0,,6130.0,0.0,0.0,0.0,0.0,0.0,0.0,前場で値がつかず後場で初値成立（後場初値・ストップ未達）,O=AO=6130.0、MO=NULL、全ストップフラグ0。前場は特別買い気配継続で取引不成立、後場に需給一致し初値成立
2017-12-14 00:00:00,65600,,,,0.0,0.0,0.0,0.0,0.0,0.0,上場初日に終日値がつかなかった（特別買い気配・値幅制限未達）,O/MO/AO全NULL、全ストップフラグ0。需給不一致（特別買い気配）が終日継続したが値幅制限には到達せず取引不成立
2017-12-15 00:00:00,23340,,,,0.0,0.0,0.0,0.0,0.0,0.0,上場初日に終日値がつかなかった（特別買い気配・値幅制限未達）,O/MO/AO全NULL、全ストップフラグ0。需給不一致（特別買い気配）が終日継続したが値幅制限には到達せず取引不成立
2017-12-18 00:00:00,39990,,,,0.0,0.0,0.0,0.0,0.0,0.0,上場初日に終日値がつかなかった（特別買い気配・値幅制限未達）,O/MO/AO全NULL、全ストップフラグ0。需給不一致（特別買い気配）が終日継続したが値幅制限には到達せず取引不成立
2017-12-18 00:00:00,65620,2674.0,,2674.0,0.0,0.0,0.0,0.0,0.0,0.0,前場で値がつかず後場で初値成立（後場初値・ストップ未達）,O=AO=2674.0、MO=NULL、全ストップフラグ0。前場は特別買い気配継続で取引不成立、後場に需給一致し初値成立
2017-12-18 00:00:00,39980,,,,0.0,0.0,0.0,0.0,0.0,0.0,上場初日に終日値がつかなかった（特別買い気配・値幅制限未達）,O/MO/AO全NULL、全ストップフラグ0。需給不一致（特別買い気配）が終日継続したが値幅制限には到達せず取引不成立
2017-12-19 00:00:00,65630,,,,0.0,0.0,0.0,0.0,0.0,0.0,上場初日に終日値がつかなかった（特別買い気配・値幅制限未達）,O/MO/AO全NULL、全ストップフラグ0。需給不一致（特別買い気配）が終日継続したが値幅制限には到達せず取引不成立
2017-12-25 00:00:00,65650,3060.0,,3060.0,1.0,0.0,0.0,0.0,1.0,0.0,前場で値がつかず後場で初値成立・後場ストップ高到達（人気IPO）,O=AO=3060.0、MO=NULL、UL=1/AUL=1、ALL=0。前場は特別買い気配継続、後場で需給一致し初値成立。後場でストップ高到達
2018-02-23 00:00:00,43800,,,,0.0,0.0,0.0,0.0,0.0,0.0,上場初日に終日値がつかなかった（特別買い気配・値幅制限未達）,O/MO/AO全NULL、全ストップフラグ0。需給不一致（特別買い気配）が終日継続したが値幅制限には到達せず取引不成立
2018-02-26 00:00:00,14440,2100.0,2100.0,,0.0,0.0,0.0,0.0,0.0,0.0,前場で初値成立・後場は値がつかなかった（後場特別買い気配継続・値幅制限未達）,O=MO=2100.0、AO=NULL、全ストップフラグ0。前場初値成立後も需要超過で後場も特別買い気配継続。ストップ高未達のまま引け
2018-02-28 00:00:00,34460,,,,0.0,0.0,0.0,0.0,0.0,0.0,上場初日に終日値がつかなかった（特別買い気配・値幅制限未達）,O/MO/AO全NULL、全ストップフラグ0。需給不一致（特別買い気配）が終日継続したが値幅制限には到達せず取引不成立
2018-03-02 00:00:00,65670,,,,0.0,0.0,0.0,0.0,0.0,0.0,上場初日に終日値がつかなかった（特別買い気配・値幅制限未達）,O/MO/AO全NULL、全ストップフラグ0。需給不一致（特別買い気配）が終日継続したが値幅制限には到達せず取引不成立
2018-03-16 00:00:00,34890,3200.0,,3200.0,0.0,1.0,0.0,0.0,0.0,1.0,前場で値がつかず後場で初値成立・後場ストップ安到達（公募割れIPO）,O=AO=3200.0、MO=NULL、LL=1/ALL=1、AUL=0。後場に初値成立後、売り圧力が強く後場ストップ安まで急落（公募価格割れ）
2018-03-23 00:00:00,94500,,,,0.0,0.0,0.0,0.0,0.0,0.0,上場初日に終日値がつかなかった（特別買い気配・値幅制限未達）,O/MO/AO全NULL、全ストップフラグ0。需給不一致（特別買い気配）が終日継続したが値幅制限には到達せず取引不成立
2018-03-27 00:00:00,65720,,,,0.0,0.0,0.0,0.0,0.0,0.0,上場初日に終日値がつかなかった（特別買い気配・値幅制限未達）,O/MO/AO全NULL、全ストップフラグ0。需給不一致（特別買い気配）が終日継続したが値幅制限には到達せず取引不成立
2018-03-28 00:00:00,65730,,,,0.0,0.0,0.0,0.0,0.0,0.0,上場初日に終日値がつかなかった（特別買い気配・値幅制限未達）,O/MO/AO全NULL、全ストップフラグ0。需給不一致（特別買い気配）が終日継続したが値幅制限には到達せず取引不成立
2018-03-29 00:00:00,92710,,,,0.0,0.0,0.0,0.0,0.0,0.0,上場初日に終日値がつかなかった（特別買い気配・値幅制限未達）,O/MO/AO全NULL、全ストップフラグ0。需給不一致（特別買い気配）が終日継続したが値幅制限には到達せず取引不成立
2018-03-29 00:00:00,34900,4705.0,,4705.0,1.0,0.0,0.0,0.0,1.0,0.0,前場で値がつかず後場で初値成立・後場ストップ高到達（人気IPO）,O=AO=4705.0、MO=NULL、UL=1/AUL=1、ALL=0。前場は特別買い気配継続、後場で需給一致し初値成立。後場でストップ高到達
2018-03-30 00:00:00,73200,,,,0.0,0.0,0.0,0.0,0.0,0.0,上場初日に終日値がつかなかった（特別買い気配・値幅制限未達）,O/MO/AO全NULL、全ストップフラグ0。需給不一致（特別買い気配）が終日継続したが値幅制限には到達せず取引不成立
2018-04-03 00:00:00,92720,,,,0.0,0.0,0.0,0.0,0.0,0.0,上場初日に終日値がつかなかった（特別買い気配・値幅制限未達）,O/MO/AO全NULL、全ストップフラグ0。需給不一致（特別買い気配）が終日継続したが値幅制限には到達せず取引不成立
2018-04-04 00:00:00,43810,,,,0.0,0.0,0.0,0.0,0.0,0.0,上場初日に終日値がつかなかった（特別買い気配・値幅制限未達）,O/MO/AO全NULL、全ストップフラグ0。需給不一致（特別買い気配）が終日継続したが値幅制限には到達せず取引不成立
2018-04-10 00:00:00,65750,,,,0.0,0.0,0.0,0.0,0.0,0.0,上場初日に終日値がつかなかった（特別買い気配・値幅制限未達）,O/MO/AO全NULL、全ストップフラグ0。需給不一致（特別買い気配）が終日継続したが値幅制限には到達せず取引不成立
2018-04-11 00:00:00,65740,2189.0,,2189.0,0.0,0.0,0.0,0.0,0.0,0.0,前場で値がつかず後場で初値成立（後場初値・ストップ未達）,O=AO=2189.0、MO=NULL、全ストップフラグ0。前場は特別買い気配継続で取引不成立、後場に需給一致し初値成立
2018-04-20 00:00:00,43820,,,,0.0,0.0,0.0,0.0,0.0,0.0,上場初日に終日値がつかなかった（特別買い気配・値幅制限未達）,O/MO/AO全NULL、全ストップフラグ0。需給不一致（特別買い気配）が終日継続したが値幅制限には到達せず取引不成立
2018-04-24 00:00:00,65760,640.0,640.0,,0.0,0.0,0.0,0.0,0.0,0.0,前場で初値成立・後場は値がつかなかった（後場特別買い気配継続・値幅制限未達）,O=MO=640.0、AO=NULL、全ストップフラグ0。前場初値成立後も需要超過で後場も特別買い気配継続。ストップ高未達のまま引け
2018-04-25 00:00:00,65770,,,,0.0,0.0,0.0,0.0,0.0,0.0,上場初日に終日値がつかなかった（特別買い気配・値幅制限未達）,O/MO/AO全NULL、全ストップフラグ0。需給不一致（特別買い気配）が終日継続したが値幅制限には到達せず取引不成立
2018-04-27 00:00:00,65780,3780.0,,3780.0,0.0,1.0,0.0,0.0,0.0,1.0,前場で値がつかず後場で初値成立・後場ストップ安到達（公募割れIPO）,O=AO=3780.0、MO=NULL、LL=1/ALL=1、AUL=0。後場に初値成立後、売り圧力が強く後場ストップ安まで急落（公募価格割れ）
2018-05-02 00:00:00,43830,500.0,500.0,,0.0,0.0,0.0,0.0,0.0,0.0,前場で初値成立・後場は値がつかなかった（後場特別買い気配継続・値幅制限未達）,O=MO=500.0、AO=NULL、全ストップフラグ0。前場初値成立後も需要超過で後場も特別買い気配継続。ストップ高未達のまま引け
2018-05-16 00:00:00,14450,2400.0,2400.0,,0.0,0.0,0.0,0.0,0.0,0.0,前場で初値成立・後場は値がつかなかった（後場特別買い気配継続・値幅制限未達）,O=MO=2400.0、AO=NULL、全ストップフラグ0。前場初値成立後も需要超過で後場も特別買い気配継続。ストップ高未達のまま引け
2018-06-20 00:00:00,65790,,,,0.0,0.0,0.0,0.0,0.0,0.0,上場初日に終日値がつかなかった（特別買い気配・値幅制限未達）,O/MO/AO全NULL、全ストップフラグ0。需給不一致（特別買い気配）が終日継続したが値幅制限には到達せず取引不成立
2018-06-21 00:00:00,43860,4665.0,,4665.0,0.0,0.0,0.0,0.0,0.0,0.0,前場で値がつかず後場で初値成立（後場初値・ストップ未達）,O=AO=4665.0、MO=NULL、全ストップフラグ0。前場は特別買い気配継続で取引不成立、後場に需給一致し初値成立
2018-06-21 00:00:00,43870,,,,0.0,0.0,0.0,0.0,0.0,0.0,上場初日に終日値がつかなかった（特別買い気配・値幅制限未達）,O/MO/AO全NULL、全ストップフラグ0。需給不一致（特別買い気配）が終日継続したが値幅制限には到達せず取引不成立
2018-06-27 00:00:00,43890,4100.0,,4100.0,0.0,1.0,0.0,0.0,0.0,1.0,前場で値がつかず後場で初値成立・後場ストップ安到達（公募割れIPO）,O=AO=4100.0、MO=NULL、LL=1/ALL=1、AUL=0。後場に初値成立後、売り圧力が強く後場ストップ安まで急落（公募価格割れ）
2018-06-27 00:00:00,43880,,,,0.0,0.0,0.0,0.0,0.0,0.0,上場初日に終日値がつかなかった（特別買い気配・値幅制限未達）,O/MO/AO全NULL、全ストップフラグ0。需給不一致（特別買い気配）が終日継続したが値幅制限には到達せず取引不成立
2018-07-04 00:00:00,43910,,,,0.0,0.0,0.0,0.0,0.0,0.0,上場初日に終日値がつかなかった（特別買い気配・値幅制限未達）,O/MO/AO全NULL、全ストップフラグ0。需給不一致（特別買い気配）が終日継続したが値幅制限には到達せず取引不成立
2018-07-23 00:00:00,70330,4500.0,,4500.0,0.0,0.0,0.0,0.0,0.0,0.0,前場で値がつかず後場で初値成立（後場初値・ストップ未達）,O=AO=4500.0、MO=NULL、全ストップフラグ0。前場は特別買い気配継続で取引不成立、後場に需給一致し初値成立
2018-07-24 00:00:00,43930,2000.0,,2000.0,0.0,0.0,0.0,0.0,0.0,0.0,前場で値がつかず後場で初値成立（後場初値・ストップ未達）,O=AO=2000.0、MO=NULL、全ストップフラグ0。前場は特別買い気配継続で取引不成立、後場に需給一致し初値成立
2018-07-25 00:00:00,34910,5780.0,,5780.0,0.0,0.0,0.0,0.0,0.0,0.0,前場で値がつかず後場で初値成立（後場初値・ストップ未達）,O=AO=5780.0、MO=NULL、全ストップフラグ0。前場は特別買い気配継続で取引不成立、後場に需給一致し初値成立
2018-07-26 00:00:00,43950,1542.0,,1542.0,0.0,0.0,0.0,0.0,0.0,0.0,前場で値がつかず後場で初値成立（後場初値・ストップ未達）,O=AO=1542.0、MO=NULL、全ストップフラグ0。前場は特別買い気配継続で取引不成立、後場に需給一致し初値成立
2018-07-27 00:00:00,42500,630.0,630.0,,0.0,0.0,0.0,0.0,0.0,0.0,前場で初値成立・後場は値がつかなかった（後場特別買い気配継続・値幅制限未達）,O=MO=630.0、AO=NULL、全ストップフラグ0。前場初値成立後も需要超過で後場も特別買い気配継続。ストップ高未達のまま引け
2018-08-02 00:00:00,43960,4000.0,,4000.0,0.0,0.0,0.0,0.0,0.0,0.0,前場で値がつかず後場で初値成立（後場初値・ストップ未達）,O=AO=4000.0、MO=NULL、全ストップフラグ0。前場は特別買い気配継続で取引不成立、後場に需給一致し初値成立
2018-08-22 00:00:00,43970,2417.0,,2417.0,0.0,1.0,0.0,0.0,0.0,1.0,前場で値がつかず後場で初値成立・後場ストップ安到達（公募割れIPO）,O=AO=2417.0、MO=NULL、LL=1/ALL=1、AUL=0。後場に初値成立後、売り圧力が強く後場ストップ安まで急落（公募価格割れ）
2018-09-19 00:00:00,92760,340.0,340.0,,0.0,0.0,0.0,0.0,0.0,0.0,前場で初値成立・後場は値がつかなかった（後場特別買い気配継続・値幅制限未達）,O=MO=340.0、AO=NULL、全ストップフラグ0。前場初値成立後も需要超過で後場も特別買い気配継続。ストップ高未達のまま引け
2018-09-20 00:00:00,34960,6400.0,,6400.0,1.0,0.0,0.0,0.0,1.0,0.0,前場で値がつかず後場で初値成立・後場ストップ高到達（人気IPO）,O=AO=6400.0、MO=NULL、UL=1/AUL=1、ALL=0。前場は特別買い気配継続、後場で需給一致し初値成立。後場でストップ高到達
2018-09-21 00:00:00,70360,7000.0,,7000.0,0.0,0.0,0.0,0.0,0.0,0.0,前場で値がつかず後場で初値成立（後場初値・ストップ未達）,O=AO=7000.0、MO=NULL、全ストップフラグ0。前場は特別買い気配継続で取引不成立、後場に需給一致し初値成立
2018-09-26 00:00:00,43980,,,,0.0,0.0,0.0,0.0,0.0,0.0,上場初日に終日値がつかなかった（特別買い気配・値幅制限未達）,O/MO/AO全NULL、全ストップフラグ0。需給不一致（特別買い気配）が終日継続したが値幅制限には到達せず取引不成立
2018-09-28 00:00:00,70380,5000.0,,5000.0,1.0,0.0,0.0,0.0,1.0,0.0,前場で値がつかず後場で初値成立・後場ストップ高到達（人気IPO）,O=AO=5000.0、MO=NULL、UL=1/AUL=1、ALL=0。前場は特別買い気配継続、後場で需給一致し初値成立。後場でストップ高到達
2018-10-03 00:00:00,70390,,,,0.0,0.0,0.0,0.0,0.0,0.0,上場初日に終日値がつかなかった（特別買い気配・値幅制限未達）,O/MO/AO全NULL、全ストップフラグ0。需給不一致（特別買い気配）が終日継続したが値幅制限には到達せず取引不成立
2018-10-12 00:00:00,44200,,,,0.0,0.0,0.0,0.0,0.0,0.0,上場初日に終日値がつかなかった（特別買い気配・値幅制限未達）,O/MO/AO全NULL、全ストップフラグ0。需給不一致（特別買い気配）が終日継続したが値幅制限には到達せず取引不成立
2018-10-19 00:00:00,44210,,,,0.0,0.0,0.0,0.0,0.0,0.0,上場初日に終日値がつかなかった（特別買い気配・値幅制限未達）,O/MO/AO全NULL、全ストップフラグ0。需給不一致（特別買い気配）が終日継続したが値幅制限には到達せず取引不成立
2018-10-19 00:00:00,92790,3710.0,,3710.0,0.0,0.0,0.0,0.0,0.0,0.0,前場で値がつかず後場で初値成立（後場初値・ストップ未達）,O=AO=3710.0、MO=NULL、全ストップフラグ0。前場は特別買い気配継続で取引不成立、後場に需給一致し初値成立
2018-10-30 00:00:00,44220,4300.0,,4300.0,0.0,0.0,0.0,0.0,0.0,0.0,前場で値がつかず後場で初値成立（後場初値・ストップ未達）,O=AO=4300.0、MO=NULL、全ストップフラグ0。前場は特別買い気配継続で取引不成立、後場に需給一致し初値成立
2018-11-06 00:00:00,70420,,,,0.0,0.0,0.0,0.0,0.0,0.0,上場初日に終日値がつかなかった（特別買い気配・値幅制限未達）,O/MO/AO全NULL、全ストップフラグ0。需給不一致（特別買い気配）が終日継続したが値幅制限には到達せず取引不成立
2018-11-28 00:00:00,65960,1250.0,1250.0,,0.0,0.0,0.0,0.0,0.0,0.0,前場で初値成立・後場は値がつかなかった（後場特別買い気配継続・値幅制限未達）,O=MO=1250.0、AO=NULL、全ストップフラグ0。前場初値成立後も需要超過で後場も特別買い気配継続。ストップ高未達のまま引け
2018-11-28 00:00:00,34980,6240.0,,6240.0,0.0,0.0,0.0,0.0,0.0,0.0,前場で値がつかず後場で初値成立（後場初値・ストップ未達）,O=AO=6240.0、MO=NULL、全ストップフラグ0。前場は特別買い気配継続で取引不成立、後場に需給一致し初値成立
2018-12-11 00:00:00,70440,5030.0,,5030.0,0.0,1.0,0.0,0.0,0.0,1.0,前場で値がつかず後場で初値成立・後場ストップ安到達（公募割れIPO）,O=AO=5030.0、MO=NULL、LL=1/ALL=1、AUL=0。後場に初値成立後、売り圧力が強く後場ストップ安まで急落（公募価格割れ）
2018-12-18 00:00:00,70460,6350.0,,6350.0,0.0,0.0,0.0,0.0,0.0,0.0,前場で値がつかず後場で初値成立（後場初値・ストップ未達）,O=AO=6350.0、MO=NULL、全ストップフラグ0。前場は特別買い気配継続で取引不成立、後場に需給一致し初値成立
2018-12-19 00:00:00,44260,500.0,500.0,,0.0,0.0,0.0,0.0,0.0,0.0,前場で初値成立・後場は値がつかなかった（後場特別買い気配継続・値幅制限未達）,O=MO=500.0、AO=NULL、全ストップフラグ0。前場初値成立後も需要超過で後場も特別買い気配継続。ストップ高未達のまま引け
2018-12-19 00:00:00,44250,,,,0.0,0.0,0.0,0.0,0.0,0.0,上場初日に終日値がつかなかった（特別買い気配・値幅制限未達）,O/MO/AO全NULL、全ストップフラグ0。需給不一致（特別買い気配）が終日継続したが値幅制限には到達せず取引不成立
2018-12-21 00:00:00,70470,,,,0.0,0.0,0.0,0.0,0.0,0.0,上場初日に終日値がつかなかった（特別買い気配・値幅制限未達）,O/MO/AO全NULL、全ストップフラグ0。需給不一致（特別買い気配）が終日継続したが値幅制限には到達せず取引不成立
2018-12-25 00:00:00,44280,7620.0,,7620.0,0.0,0.0,0.0,0.0,0.0,0.0,前場で値がつかず後場で初値成立（後場初値・ストップ未達）,O=AO=7620.0、MO=NULL、全ストップフラグ0。前場は特別買い気配継続で取引不成立、後場に需給一致し初値成立
2019-02-21 00:00:00,76720,25000.0,25000.0,,0.0,0.0,0.0,0.0,0.0,0.0,前場で初値成立・後場は値がつかなかった（後場特別買い気配継続・値幅制限未達）,O=MO=25000.0、AO=NULL、全ストップフラグ0。前場初値成立後も需要超過で後場も特別買い気配継続。ストップ高未達のまま引け
2019-02-22 00:00:00,70490,,,,0.0,0.0,0.0,0.0,0.0,0.0,上場初日に終日値がつかなかった（特別買い気配・値幅制限未達）,O/MO/AO全NULL、全ストップフラグ0。需給不一致（特別買い気配）が終日継続したが値幅制限には到達せず取引不成立
2019-02-26 00:00:00,44290,,,,0.0,0.0,0.0,0.0,0.0,0.0,上場初日に終日値がつかなかった（特別買い気配・値幅制限未達）,O/MO/AO全NULL、全ストップフラグ0。需給不一致（特別買い気配）が終日継続したが値幅制限には到達せず取引不成立
2019-02-27 00:00:00,44300,2872.0,,2872.0,0.0,1.0,0.0,0.0,0.0,1.0,前場で値がつかず後場で初値成立・後場ストップ安到達（公募割れIPO）,O=AO=2872.0、MO=NULL、LL=1/ALL=1、AUL=0。後場に初値成立後、売り圧力が強く後場ストップ安まで急落（公募価格割れ）
2019-02-28 00:00:00,44310,3225.0,,3225.0,1.0,0.0,0.0,0.0,1.0,0.0,前場で値がつかず後場で初値成立・後場ストップ高到達（人気IPO）,O=AO=3225.0、MO=NULL、UL=1/AUL=1、ALL=0。前場は特別買い気配継続、後場で需給一致し初値成立。後場でストップ高到達
2019-03-05 00:00:00,70560,1400.0,1400.0,,0.0,0.0,0.0,0.0,0.0,0.0,前場で初値成立・後場は値がつかなかった（後場特別買い気配継続・値幅制限未達）,O=MO=1400.0、AO=NULL、全ストップフラグ0。前場初値成立後も需要超過で後場も特別買い気配継続。ストップ高未達のまま引け
2019-03-13 00:00:00,44340,,,,0.0,0.0,0.0,0.0,0.0,0.0,上場初日に終日値がつかなかった（特別買い気配・値幅制限未達）,O/MO/AO全NULL、全ストップフラグ0。需給不一致（特別買い気配）が終日継続したが値幅制限には到達せず取引不成立
2019-03-15 00:00:00,44350,3970.0,,3970.0,0.0,0.0,0.0,0.0,0.0,0.0,前場で値がつかず後場で初値成立（後場初値・ストップ未達）,O=AO=3970.0、MO=NULL、全ストップフラグ0。前場は特別買い気配継続で取引不成立、後場に需給一致し初値成立
2019-03-25 00:00:00,44370,,,,0.0,0.0,0.0,0.0,0.0,0.0,上場初日に終日値がつかなかった（特別買い気配・値幅制限未達）,O/MO/AO全NULL、全ストップフラグ0。需給不一致（特別買い気配）が終日継続したが値幅制限には到達せず取引不成立
2019-03-28 00:00:00,70620,4045.0,,4045.0,0.0,0.0,0.0,0.0,0.0,0.0,前場で値がつかず後場で初値成立（後場初値・ストップ未達）,O=AO=4045.0、MO=NULL、全ストップフラグ0。前場は特別買い気配継続で取引不成立、後場に需給一致し初値成立
2019-03-29 00:00:00,70630,,,,0.0,0.0,0.0,0.0,0.0,0.0,上場初日に終日値がつかなかった（特別買い気配・値幅制限未達）,O/MO/AO全NULL、全ストップフラグ0。需給不一致（特別買い気配）が終日継続したが値幅制限には到達せず取引不成立
2019-03-29 00:00:00,44380,,,,0.0,0.0,0.0,0.0,0.0,0.0,上場初日に終日値がつかなかった（特別買い気配・値幅制限未達）,O/MO/AO全NULL、全ストップフラグ0。需給不一致（特別買い気配）が終日継続したが値幅制限には到達せず取引不成立
2019-04-08 00:00:00,44400,,,,0.0,0.0,0.0,0.0,0.0,0.0,上場初日に終日値がつかなかった（特別買い気配・値幅制限未達）,O/MO/AO全NULL、全ストップフラグ0。需給不一致（特別買い気配）が終日継続したが値幅制限には到達せず取引不成立
2019-04-24 00:00:00,70640,,,,0.0,0.0,0.0,0.0,0.0,0.0,上場初日に終日値がつかなかった（特別買い気配・値幅制限未達）,O/MO/AO全NULL、全ストップフラグ0。需給不一致（特別買い気配）が終日継続したが値幅制限には到達せず取引不成立
2019-04-25 00:00:00,44410,,,,0.0,0.0,0.0,0.0,0.0,0.0,上場初日に終日値がつかなかった（特別買い気配・値幅制限未達）,O/MO/AO全NULL、全ストップフラグ0。需給不一致（特別買い気配）が終日継続したが値幅制限には到達せず取引不成立
2019-05-30 00:00:00,44420,,,,0.0,0.0,0.0,0.0,0.0,0.0,上場初日に終日値がつかなかった（特別買い気配・値幅制限未達）,O/MO/AO全NULL、全ストップフラグ0。需給不一致（特別買い気配）が終日継続したが値幅制限には到達せず取引不成立
2019-06-21 00:00:00,70670,,,,0.0,0.0,0.0,0.0,0.0,0.0,上場初日に終日値がつかなかった（特別買い気配・値幅制限未達）,O/MO/AO全NULL、全ストップフラグ0。需給不一致（特別買い気配）が終日継続したが値幅制限には到達せず取引不成立
2019-06-25 00:00:00,44440,3430.0,,3430.0,0.0,0.0,0.0,0.0,0.0,0.0,前場で値がつかず後場で初値成立（後場初値・ストップ未達）,O=AO=3430.0、MO=NULL、全ストップフラグ0。前場は特別買い気配継続で取引不成立、後場に需給一致し初値成立
2019-06-26 00:00:00,58580,3250.0,3250.0,,0.0,0.0,0.0,0.0,0.0,0.0,前場で初値成立・後場は値がつかなかった（後場特別買い気配継続・値幅制限未達）,O=MO=3250.0、AO=NULL、全ストップフラグ0。前場初値成立後も需要超過で後場も特別買い気配継続。ストップ高未達のまま引け
2019-06-28 00:00:00,44450,9000.0,,9000.0,0.0,1.0,0.0,0.0,0.0,1.0,前場で値がつかず後場で初値成立・後場ストップ安到達（公募割れIPO）,O=AO=9000.0、MO=NULL、LL=1/ALL=1、AUL=0。後場に初値成立後、売り圧力が強く後場ストップ安まで急落（公募価格割れ）
2019-07-05 00:00:00,70680,,,,0.0,0.0,0.0,0.0,0.0,0.0,上場初日に終日値がつかなかった（特別買い気配・値幅制限未達）,O/MO/AO全NULL、全ストップフラグ0。需給不一致（特別買い気配）が終日継続したが値幅制限には到達せず取引不成立
2019-07-18 00:00:00,44460,5760.0,,5760.0,0.0,0.0,0.0,0.0,0.0,0.0,前場で値がつかず後場で初値成立（後場初値・ストップ未達）,O=AO=5760.0、MO=NULL、全ストップフラグ0。前場は特別買い気配継続で取引不成立、後場に需給一致し初値成立
2019-07-31 00:00:00,29770,1600.0,1600.0,,0.0,0.0,0.0,0.0,0.0,0.0,前場で初値成立・後場は値がつかなかった（後場特別買い気配継続・値幅制限未達）,O=MO=1600.0、AO=NULL、全ストップフラグ0。前場初値成立後も需要超過で後場も特別買い気配継続。ストップ高未達のまま引け
2019-09-20 00:00:00,94650,340.0,340.0,,0.0,0.0,0.0,0.0,0.0,0.0,前場で初値成立・後場は値がつかなかった（後場特別買い気配継続・値幅制限未達）,O=MO=340.0、AO=NULL、全ストップフラグ0。前場初値成立後も需要超過で後場も特別買い気配継続。ストップ高未達のまま引け
2019-09-26 00:00:00,76800,3190.0,3190.0,,0.0,0.0,0.0,0.0,0.0,0.0,前場で初値成立・後場は値がつかなかった（後場特別買い気配継続・値幅制限未達）,O=MO=3190.0、AO=NULL、全ストップフラグ0。前場初値成立後も需要超過で後場も特別買い気配継続。ストップ高未達のまま引け
2019-09-26 00:00:00,34480,3500.0,3500.0,,0.0,0.0,0.0,0.0,0.0,0.0,前場で初値成立・後場は値がつかなかった（後場特別買い気配継続・値幅制限未達）,O=MO=3500.0、AO=NULL、全ストップフラグ0。前場初値成立後も需要超過で後場も特別買い気配継続。ストップ高未達のまま引け
2019-10-01 00:00:00,44500,,,,0.0,0.0,0.0,0.0,0.0,0.0,上場初日に終日値がつかなかった（特別買い気配・値幅制限未達）,O/MO/AO全NULL、全ストップフラグ0。需給不一致（特別買い気配）が終日継続したが値幅制限には到達せず取引不成立
2019-10-24 00:00:00,70720,,,,0.0,0.0,0.0,0.0,0.0,0.0,上場初日に終日値がつかなかった（特別買い気配・値幅制限未達）,O/MO/AO全NULL、全ストップフラグ0。需給不一致（特別買い気配）が終日継続したが値幅制限には到達せず取引不成立
2019-10-28 00:00:00,48800,,,,0.0,0.0,0.0,0.0,0.0,0.0,上場初日に終日値がつかなかった（特別買い気配・値幅制限未達）,O/MO/AO全NULL、全ストップフラグ0。需給不一致（特別買い気配）が終日継続したが値幅制限には到達せず取引不成立
2019-10-29 00:00:00,70730,10320.0,,10320.0,1.0,0.0,0.0,0.0,1.0,0.0,前場で値がつかず後場で初値成立・後場ストップ高到達（人気IPO）,O=AO=10320.0、MO=NULL、UL=1/AUL=1、ALL=0。前場は特別買い気配継続、後場で需給一致し初値成立。後場でストップ高到達
2019-11-25 00:00:00,70750,1400.0,1400.0,,0.0,0.0,0.0,0.0,0.0,0.0,前場で初値成立・後場は値がつかなかった（後場特別買い気配継続・値幅制限未達）,O=MO=1400.0、AO=NULL、全ストップフラグ0。前場初値成立後も需要超過で後場も特別買い気配継続。ストップ高未達のまま引け
2019-11-27 00:00:00,76840,605.0,605.0,,0.0,0.0,0.0,0.0,0.0,0.0,前場で初値成立・後場は値がつかなかった（後場特別買い気配継続・値幅制限未達）,O=MO=605.0、AO=NULL、全ストップフラグ0。前場初値成立後も需要超過で後場も特別買い気配継続。ストップ高未達のまま引け
2019-12-10 00:00:00,70770,,,,0.0,0.0,0.0,0.0,0.0,0.0,上場初日に終日値がつかなかった（特別買い気配・値幅制限未達）,O/MO/AO全NULL、全ストップフラグ0。需給不一致（特別買い気配）が終日継続したが値幅制限には到達せず取引不成立
2019-12-16 00:00:00,25570,1739.0,1739.0,,0.0,0.0,0.0,0.0,0.0,0.0,前場で初値成立・後場は値がつかなかった（後場特別買い気配継続・値幅制限未達）,O=MO=1739.0、AO=NULL、全ストップフラグ0。前場初値成立後も需要超過で後場も特別買い気配継続。ストップ高未達のまま引け
2019-12-16 00:00:00,44810,9050.0,,9050.0,0.0,1.0,0.0,0.0,0.0,1.0,前場で値がつかず後場で初値成立・後場ストップ安到達（公募割れIPO）,O=AO=9050.0、MO=NULL、LL=1/ALL=1、AUL=0。後場に初値成立後、売り圧力が強く後場ストップ安まで急落（公募価格割れ）
2019-12-17 00:00:00,44820,,,,0.0,0.0,0.0,0.0,0.0,0.0,上場初日に終日値がつかなかった（特別買い気配・値幅制限未達）,O/MO/AO全NULL、全ストップフラグ0。需給不一致（特別買い気配）が終日継続したが値幅制限には到達せず取引不成立
2019-12-18 00:00:00,76850,3720.0,,3720.0,0.0,1.0,0.0,0.0,0.0,1.0,前場で値がつかず後場で初値成立・後場ストップ安到達（公募割れIPO）,O=AO=3720.0、MO=NULL、LL=1/ALL=1、AUL=0。後場に初値成立後、売り圧力が強く後場ストップ安まで急落（公募価格割れ）
2019-12-18 00:00:00,44860,,,,0.0,0.0,0.0,0.0,0.0,0.0,上場初日に終日値がつかなかった（特別買い気配・値幅制限未達）,O/MO/AO全NULL、全ストップフラグ0。需給不一致（特別買い気配）が終日継続したが値幅制限には到達せず取引不成立
2019-12-19 00:00:00,29810,3660.0,,3660.0,0.0,0.0,0.0,0.0,0.0,0.0,前場で値がつかず後場で初値成立（後場初値・ストップ未達）,O=AO=3660.0、MO=NULL、全ストップフラグ0。前場は特別買い気配継続で取引不成立、後場に需給一致し初値成立
2019-12-20 00:00:00,44870,1306.0,,1306.0,0.0,0.0,0.0,0.0,0.0,0.0,前場で値がつかず後場で初値成立（後場初値・ストップ未達）,O=AO=1306.0、MO=NULL、全ストップフラグ0。前場は特別買い気配継続で取引不成立、後場に需給一致し初値成立
2019-12-20 00:00:00,70780,4535.0,,4535.0,0.0,1.0,0.0,0.0,0.0,1.0,前場で値がつかず後場で初値成立・後場ストップ安到達（公募割れIPO）,O=AO=4535.0、MO=NULL、LL=1/ALL=1、AUL=0。後場に初値成立後、売り圧力が強く後場ストップ安まで急落（公募価格割れ）
2019-12-25 00:00:00,44880,,,,0.0,0.0,0.0,0.0,0.0,0.0,上場初日に終日値がつかなかった（特別買い気配・値幅制限未達）,O/MO/AO全NULL、全ストップフラグ0。需給不一致（特別買い気配）が終日継続したが値幅制限には到達せず取引不成立
2019-12-25 00:00:00,70790,,,,0.0,0.0,0.0,0.0,0.0,0.0,上場初日に終日値がつかなかった（特別買い気配・値幅制限未達）,O/MO/AO全NULL、全ストップフラグ0。需給不一致（特別買い気配）が終日継続したが値幅制限には到達せず取引不成立
2019-12-26 00:00:00,70800,,,,0.0,0.0,0.0,0.0,0.0,0.0,上場初日に終日値がつかなかった（特別買い気配・値幅制限未達）,O/MO/AO全NULL、全ストップフラグ0。需給不一致（特別買い気配）が終日継続したが値幅制限には到達せず取引不成立
2020-02-06 00:00:00,25600,22920.0,22920.0,,0.0,0.0,0.0,0.0,0.0,0.0,前場で初値成立・後場は値がつかなかった（後場特別買い気配継続・値幅制限未達）,O=MO=22920.0、AO=NULL、全ストップフラグ0。前場初値成立後も需要超過で後場も特別買い気配継続。ストップ高未達のまま引け
2020-02-07 00:00:00,70820,,,,0.0,0.0,0.0,0.0,0.0,0.0,上場初日に終日値がつかなかった（特別買い気配・値幅制限未達）,O/MO/AO全NULL、全ストップフラグ0。需給不一致（特別買い気配）が終日継続したが値幅制限には到達せず取引不成立
2020-02-27 00:00:00,14520,18530.0,18530.0,,0.0,0.0,0.0,0.0,0.0,0.0,前場で初値成立・後場は値がつかなかった（後場特別買い気配継続・値幅制限未達）,O=MO=18530.0、AO=NULL、全ストップフラグ0。前場初値成立後も需要超過で後場も特別買い気配継続。ストップ高未達のまま引け
2020-03-19 00:00:00,93260,1032.0,,1032.0,1.0,0.0,0.0,0.0,1.0,0.0,前場で値がつかず後場で初値成立・後場ストップ高到達（人気IPO）,O=AO=1032.0、MO=NULL、UL=1/AUL=1、ALL=0。前場は特別買い気配継続、後場で需給一致し初値成立。後場でストップ高到達
2020-03-26 00:00:00,44930,9210.0,,9210.0,1.0,0.0,0.0,0.0,1.0,0.0,前場で値がつかず後場で初値成立・後場ストップ高到達（人気IPO）,O=AO=9210.0、MO=NULL、UL=1/AUL=1、ALL=0。前場は特別買い気配継続、後場で需給一致し初値成立。後場でストップ高到達
2020-04-28 00:00:00,70980,650.0,,650.0,0.0,0.0,0.0,0.0,0.0,0.0,前場で値がつかず後場で初値成立（後場初値・ストップ未達）,O=AO=650.0、MO=NULL、全ストップフラグ0。前場は特別買い気配継続で取引不成立、後場に需給一致し初値成立
2020-05-20 00:00:00,76900,2100.0,2100.0,,0.0,0.0,0.0,0.0,0.0,0.0,前場で初値成立・後場は値がつかなかった（後場特別買い気配継続・値幅制限未達）,O=MO=2100.0、AO=NULL、全ストップフラグ0。前場初値成立後も需要超過で後場も特別買い気配継続。ストップ高未達のまま引け
2020-05-25 00:00:00,76910,700.0,700.0,,0.0,0.0,0.0,0.0,0.0,0.0,前場で初値成立・後場は値がつかなかった（後場特別買い気配継続・値幅制限未達）,O=MO=700.0、AO=NULL、全ストップフラグ0。前場初値成立後も需要超過で後場も特別買い気配継続。ストップ高未達のまま引け
2020-05-27 00:00:00,29850,1600.0,1600.0,,0.0,0.0,0.0,0.0,0.0,0.0,前場で初値成立・後場は値がつかなかった（後場特別買い気配継続・値幅制限未達）,O=MO=1600.0、AO=NULL、全ストップフラグ0。前場初値成立後も需要超過で後場も特別買い気配継続。ストップ高未達のまま引け
2020-06-24 00:00:00,44970,4605.0,,4605.0,1.0,0.0,0.0,0.0,1.0,0.0,前場で値がつかず後場で初値成立・後場ストップ高到達（人気IPO）,O=AO=4605.0、MO=NULL、UL=1/AUL=1、ALL=0。前場は特別買い気配継続、後場で需給一致し初値成立。後場でストップ高到達
2020-06-24 00:00:00,40520,,,,0.0,0.0,0.0,0.0,0.0,0.0,上場初日に終日値がつかなかった（特別買い気配・値幅制限未達）,O/MO/AO全NULL、全ストップフラグ0。需給不一致（特別買い気配）が終日継続したが値幅制限には到達せず取引不成立
2020-06-24 00:00:00,76890,,,,0.0,0.0,0.0,0.0,0.0,0.0,上場初日に終日値がつかなかった（特別買い気配・値幅制限未達）,O/MO/AO全NULL、全ストップフラグ0。需給不一致（特別買い気配）が終日継続したが値幅制限には到達せず取引不成立
2020-06-26 00:00:00,44960,,,,0.0,0.0,0.0,0.0,0.0,0.0,上場初日に終日値がつかなかった（特別買い気配・値幅制限未達）,O/MO/AO全NULL、全ストップフラグ0。需給不一致（特別買い気配）が終日継続したが値幅制限には到達せず取引不成立
2020-06-29 00:00:00,65990,,,,0.0,0.0,0.0,0.0,0.0,0.0,上場初日に終日値がつかなかった（特別買い気配・値幅制限未達）,O/MO/AO全NULL、全ストップフラグ0。需給不一致（特別買い気配）が終日継続したが値幅制限には到達せず取引不成立
2020-06-30 00:00:00,73510,,,,0.0,0.0,0.0,0.0,0.0,0.0,上場初日に終日値がつかなかった（特別買い気配・値幅制限未達）,O/MO/AO全NULL、全ストップフラグ0。需給不一致（特別買い気配）が終日継続したが値幅制限には到達せず取引不成立
2020-07-07 00:00:00,73520,,,,0.0,0.0,0.0,0.0,0.0,0.0,上場初日に終日値がつかなかった（特別買い気配・値幅制限未達）,O/MO/AO全NULL、全ストップフラグ0。需給不一致（特別買い気配）が終日継続したが値幅制限には到達せず取引不成立
2020-07-15 00:00:00,44950,,,,0.0,0.0,0.0,0.0,0.0,0.0,上場初日に終日値がつかなかった（特別買い気配・値幅制限未達）,O/MO/AO全NULL、全ストップフラグ0。需給不一致（特別買い気配）が終日継続したが値幅制限には到達せず取引不成立
2020-07-15 00:00:00,73530,5360.0,,5360.0,0.0,1.0,0.0,0.0,0.0,1.0,前場で値がつかず後場で初値成立・後場ストップ安到達（公募割れIPO）,O=AO=5360.0、MO=NULL、LL=1/ALL=1、AUL=0。後場に初値成立後、売り圧力が強く後場ストップ安まで急落（公募価格割れ）
2020-07-15 00:00:00,40510,,,,0.0,0.0,0.0,0.0,0.0,0.0,上場初日に終日値がつかなかった（特別買い気配・値幅制限未達）,O/MO/AO全NULL、全ストップフラグ0。需給不一致（特別買い気配）が終日継続したが値幅制限には到達せず取引不成立
2020-08-03 00:00:00,48830,2520.0,,2520.0,0.0,0.0,0.0,0.0,0.0,0.0,前場で値がつかず後場で初値成立（後場初値・ストップ未達）,O=AO=2520.0、MO=NULL、全ストップフラグ0。前場は特別買い気配継続で取引不成立、後場に需給一致し初値成立
2020-08-07 00:00:00,40550,,,,0.0,0.0,0.0,0.0,0.0,0.0,上場初日に終日値がつかなかった（特別買い気配・値幅制限未達）,O/MO/AO全NULL、全ストップフラグ0。需給不一致（特別買い気配）が終日継続したが値幅制限には到達せず取引不成立
2020-08-20 00:00:00,40560,,,,0.0,0.0,0.0,0.0,0.0,0.0,上場初日に終日値がつかなかった（特別買い気配・値幅制限未達）,O/MO/AO全NULL、全ストップフラグ0。需給不一致（特別買い気配）が終日継続したが値幅制限には到達せず取引不成立
2020-08-25 00:00:00,40570,,,,0.0,0.0,0.0,0.0,0.0,0.0,上場初日に終日値がつかなかった（特別買い気配・値幅制限未達）,O/MO/AO全NULL、全ストップフラグ0。需給不一致（特別買い気配）が終日継続したが値幅制限には到達せず取引不成立
2020-09-11 00:00:00,25670,295.0,,295.0,1.0,0.0,0.0,0.0,1.0,0.0,前場で値がつかず後場で初値成立・後場ストップ高到達（人気IPO）,O=AO=295.0、MO=NULL、UL=1/AUL=1、ALL=0。前場は特別買い気配継続、後場で需給一致し初値成立。後場でストップ高到達
2020-09-24 00:00:00,49300,9560.0,,9560.0,0.0,0.0,0.0,0.0,0.0,0.0,前場で値がつかず後場で初値成立（後場初値・ストップ未達）,O=AO=9560.0、MO=NULL、全ストップフラグ0。前場は特別買い気配継続で取引不成立、後場に需給一致し初値成立
2020-09-24 00:00:00,40580,,,,0.0,0.0,0.0,0.0,0.0,0.0,上場初日に終日値がつかなかった（特別買い気配・値幅制限未達）,O/MO/AO全NULL、全ストップフラグ0。需給不一致（特別買い気配）が終日継続したが値幅制限には到達せず取引不成立
2020-09-24 00:00:00,40590,,,,0.0,0.0,0.0,0.0,0.0,0.0,上場初日に終日値がつかなかった（特別買い気配・値幅制限未達）,O/MO/AO全NULL、全ストップフラグ0。需給不一致（特別買い気配）が終日継続したが値幅制限には到達せず取引不成立
2020-09-28 00:00:00,40600,,,,0.0,0.0,0.0,0.0,0.0,0.0,上場初日に終日値がつかなかった（特別買い気配・値幅制限未達）,O/MO/AO全NULL、全ストップフラグ0。需給不一致（特別買い気配）が終日継続したが値幅制限には到達せず取引不成立
2020-09-29 00:00:00,34091,,,,0.0,0.0,0.0,0.0,0.0,0.0,上場初日に終日値がつかなかった（特別買い気配・値幅制限未達）,O/MO/AO全NULL、全ストップフラグ0。需給不一致（特別買い気配）が終日継続したが値幅制限には到達せず取引不成立
2020-09-29 00:00:00,40110,,,,0.0,0.0,0.0,0.0,0.0,0.0,上場初日に終日値がつかなかった（特別買い気配・値幅制限未達）,O/MO/AO全NULL、全ストップフラグ0。需給不一致（特別買い気配）が終日継続したが値幅制限には到達せず取引不成立
2020-09-30 00:00:00,40120,,,,0.0,0.0,0.0,0.0,0.0,0.0,上場初日に終日値がつかなかった（特別買い気配・値幅制限未達）,O/MO/AO全NULL、全ストップフラグ0。需給不一致（特別買い気配）が終日継続したが値幅制限には到達せず取引不成立
2020-10-01 00:00:00,73380,,,,0.0,0.0,0.0,0.0,0.0,0.0,上場初日に終日値がつかなかった（特別買い気配・値幅制限未達）,O/MO/AO全NULL、全ストップフラグ0。需給不一致（特別買い気配）が終日継続したが値幅制限には到達せず取引不成立
2020-10-01 00:00:00,73390,,,,0.0,0.0,0.0,0.0,0.0,0.0,上場初日に終日値がつかなかった（特別買い気配・値幅制限未達）,O/MO/AO全NULL、全ストップフラグ0。需給不一致（特別買い気配）が終日継続したが値幅制限には到達せず取引不成立
2020-10-01 00:00:00,73370,,,,0.0,0.0,0.0,0.0,0.0,0.0,上場初日に終日値がつかなかった（特別買い気配・値幅制限未達）,O/MO/AO全NULL、全ストップフラグ0。需給不一致（特別買い気配）が終日継続したが値幅制限には到達せず取引不成立
2020-10-02 00:00:00,29870,,,,0.0,0.0,0.0,0.0,0.0,0.0,上場初日に終日値がつかなかった（特別買い気配・値幅制限未達）,O/MO/AO全NULL、全ストップフラグ0。需給不一致（特別買い気配）が終日継続したが値幅制限には到達せず取引不成立
2020-10-02 00:00:00,77900,860.0,860.0,,0.0,0.0,0.0,0.0,0.0,0.0,前場で初値成立・後場は値がつかなかった（後場特別買い気配継続・値幅制限未達）,O=MO=860.0、AO=NULL、全ストップフラグ0。前場初値成立後も需要超過で後場も特別買い気配継続。ストップ高未達のまま引け
2020-10-13 00:00:00,40130,5500.0,,5500.0,0.0,0.0,0.0,0.0,0.0,0.0,前場で値がつかず後場で初値成立（後場初値・ストップ未達）,O=AO=5500.0、MO=NULL、全ストップフラグ0。前場は特別買い気配継続で取引不成立、後場に需給一致し初値成立
2020-10-16 00:00:00,76920,,,,0.0,0.0,0.0,0.0,0.0,0.0,上場初日に終日値がつかなかった（特別買い気配・値幅制限未達）,O/MO/AO全NULL、全ストップフラグ0。需給不一致（特別買い気配）が終日継続したが値幅制限には到達せず取引不成立
2020-10-21 00:00:00,50720,3500.0,3500.0,,0.0,0.0,0.0,0.0,0.0,0.0,前場で初値成立・後場は値がつかなかった（後場特別買い気配継続・値幅制限未達）,O=MO=3500.0、AO=NULL、全ストップフラグ0。前場初値成立後も需要超過で後場も特別買い気配継続。ストップ高未達のまま引け
2020-10-27 00:00:00,40140,,,,0.0,0.0,0.0,0.0,0.0,0.0,上場初日に終日値がつかなかった（特別買い気配・値幅制限未達）,O/MO/AO全NULL、全ストップフラグ0。需給不一致（特別買い気配）が終日継続したが値幅制限には到達せず取引不成立
2020-10-28 00:00:00,73550,311.0,311.0,,0.0,0.0,0.0,0.0,0.0,0.0,前場で初値成立・後場は値がつかなかった（後場特別買い気配継続・値幅制限未達）,O=MO=311.0、AO=NULL、全ストップフラグ0。前場初値成立後も需要超過で後場も特別買い気配継続。ストップ高未達のまま引け
2020-11-16 00:00:00,76930,105.0,105.0,,0.0,0.0,0.0,0.0,0.0,0.0,前場で初値成立・後場は値がつかなかった（後場特別買い気配継続・値幅制限未達）,O=MO=105.0、AO=NULL、全ストップフラグ0。前場初値成立後も需要超過で後場も特別買い気配継続。ストップ高未達のまま引け
2020-11-19 00:00:00,40150,,,,0.0,0.0,0.0,0.0,0.0,0.0,上場初日に終日値がつかなかった（特別買い気配・値幅制限未達）,O/MO/AO全NULL、全ストップフラグ0。需給不一致（特別買い気配）が終日継続したが値幅制限には到達せず取引不成立
2020-11-25 00:00:00,40160,,,,0.0,0.0,0.0,0.0,0.0,0.0,上場初日に終日値がつかなかった（特別買い気配・値幅制限未達）,O/MO/AO全NULL、全ストップフラグ0。需給不一致（特別買い気配）が終日継続したが値幅制限には到達せず取引不成立
2020-11-26 00:00:00,73570,,,,0.0,0.0,0.0,0.0,0.0,0.0,上場初日に終日値がつかなかった（特別買い気配・値幅制限未達）,O/MO/AO全NULL、全ストップフラグ0。需給不一致（特別買い気配）が終日継続したが値幅制限には到達せず取引不成立
2020-12-07 00:00:00,35781,,,,0.0,0.0,0.0,0.0,0.0,0.0,上場初日に終日値がつかなかった（特別買い気配・値幅制限未達）,O/MO/AO全NULL、全ストップフラグ0。需給不一致（特別買い気配）が終日継続したが値幅制限には到達せず取引不成立
2020-12-11 00:00:00,40180,500.0,500.0,,0.0,0.0,0.0,0.0,0.0,0.0,前場で初値成立・後場は値がつかなかった（後場特別買い気配継続・値幅制限未達）,O=MO=500.0、AO=NULL、全ストップフラグ0。前場初値成立後も需要超過で後場も特別買い気配継続。ストップ高未達のまま引け
2020-12-15 00:00:00,40190,2051.0,,2051.0,0.0,0.0,0.0,0.0,0.0,0.0,前場で値がつかず後場で初値成立（後場初値・ストップ未達）,O=AO=2051.0、MO=NULL、全ストップフラグ0。前場は特別買い気配継続で取引不成立、後場に需給一致し初値成立
2020-12-17 00:00:00,41650,,,,0.0,0.0,0.0,0.0,0.0,0.0,上場初日に終日値がつかなかった（特別買い気配・値幅制限未達）,O/MO/AO全NULL、全ストップフラグ0。需給不一致（特別買い気配）が終日継続したが値幅制限には到達せず取引不成立
2020-12-17 00:00:00,40200,,,,0.0,0.0,0.0,0.0,0.0,0.0,上場初日に終日値がつかなかった（特別買い気配・値幅制限未達）,O/MO/AO全NULL、全ストップフラグ0。需給不一致（特別買い気配）が終日継続したが値幅制限には到達せず取引不成立
2020-12-17 00:00:00,41660,,,,0.0,0.0,0.0,0.0,0.0,0.0,上場初日に終日値がつかなかった（特別買い気配・値幅制限未達）,O/MO/AO全NULL、全ストップフラグ0。需給不一致（特別買い気配）が終日継続したが値幅制限には到達せず取引不成立
2020-12-18 00:00:00,41670,,,,0.0,0.0,0.0,0.0,0.0,0.0,上場初日に終日値がつかなかった（特別買い気配・値幅制限未達）,O/MO/AO全NULL、全ストップフラグ0。需給不一致（特別買い気配）が終日継続したが値幅制限には到達せず取引不成立
2020-12-21 00:00:00,76940,,,,0.0,0.0,0.0,0.0,0.0,0.0,上場初日に終日値がつかなかった（特別買い気配・値幅制限未達）,O/MO/AO全NULL、全ストップフラグ0。需給不一致（特別買い気配）が終日継続したが値幅制限には到達せず取引不成立
2020-12-23 00:00:00,76950,4615.0,,4615.0,0.0,0.0,0.0,0.0,0.0,0.0,前場で値がつかず後場で初値成立（後場初値・ストップ未達）,O=AO=4615.0、MO=NULL、全ストップフラグ0。前場は特別買い気配継続で取引不成立、後場に需給一致し初値成立
2020-12-23 00:00:00,41690,,,,0.0,0.0,0.0,0.0,0.0,0.0,上場初日に終日値がつかなかった（特別買い気配・値幅制限未達）,O/MO/AO全NULL、全ストップフラグ0。需給不一致（特別買い気配）が終日継続したが値幅制限には到達せず取引不成立
2020-12-24 00:00:00,73590,2484.0,,2484.0,0.0,0.0,0.0,0.0,0.0,0.0,前場で値がつかず後場で初値成立（後場初値・ストップ未達）,O=AO=2484.0、MO=NULL、全ストップフラグ0。前場は特別買い気配継続で取引不成立、後場に需給一致し初値成立
2020-12-24 00:00:00,41710,2580.0,,2580.0,1.0,0.0,0.0,0.0,1.0,0.0,前場で値がつかず後場で初値成立・後場ストップ高到達（人気IPO）,O=AO=2580.0、MO=NULL、UL=1/AUL=1、ALL=0。前場は特別買い気配継続、後場で需給一致し初値成立。後場でストップ高到達
2020-12-25 00:00:00,41720,5300.0,,5300.0,0.0,1.0,0.0,0.0,0.0,1.0,前場で値がつかず後場で初値成立・後場ストップ安到達（公募割れIPO）,O=AO=5300.0、MO=NULL、LL=1/ALL=1、AUL=0。後場に初値成立後、売り圧力が強く後場ストップ安まで急落（公募価格割れ）
2020-12-29 00:00:00,73600,,,,0.0,0.0,0.0,0.0,0.0,0.0,上場初日に終日値がつかなかった（特別買い気配・値幅制限未達）,O/MO/AO全NULL、全ストップフラグ0。需給不一致（特別買い気配）が終日継続したが値幅制限には到達せず取引不成立
2021-02-05 00:00:00,66130,797.0,,797.0,0.0,0.0,0.0,0.0,0.0,0.0,前場で値がつかず後場で初値成立（後場初値・ストップ未達）,O=AO=797.0、MO=NULL、全ストップフラグ0。前場は特別買い気配継続で取引不成立、後場に需給一致し初値成立
2021-02-10 00:00:00,29830,5000.0,,5000.0,1.0,0.0,0.0,0.0,1.0,0.0,前場で値がつかず後場で初値成立・後場ストップ高到達（人気IPO）,O=AO=5000.0、MO=NULL、UL=1/AUL=1、ALL=0。前場は特別買い気配継続、後場で需給一致し初値成立。後場でストップ高到達
2021-02-19 00:00:00,41730,,,,0.0,0.0,0.0,0.0,0.0,0.0,上場初日に終日値がつかなかった（特別買い気配・値幅制限未達）,O/MO/AO全NULL、全ストップフラグ0。需給不一致（特別買い気配）が終日継続したが値幅制限には到達せず取引不成立
2021-02-25 00:00:00,41740,,,,0.0,0.0,0.0,0.0,0.0,0.0,上場初日に終日値がつかなかった（特別買い気配・値幅制限未達）,O/MO/AO全NULL、全ストップフラグ0。需給不一致（特別買い気配）が終日継続したが値幅制限には到達せず取引不成立
2021-02-25 00:00:00,50730,1280.0,1280.0,,0.0,0.0,0.0,0.0,0.0,0.0,前場で初値成立・後場は値がつかなかった（後場特別買い気配継続・値幅制限未達）,O=MO=1280.0、AO=NULL、全ストップフラグ0。前場初値成立後も需要超過で後場も特別買い気配継続。ストップ高未達のまま引け
2021-02-26 00:00:00,41750,8450.0,,8450.0,0.0,0.0,0.0,0.0,0.0,0.0,前場で値がつかず後場で初値成立（後場初値・ストップ未達）,O=AO=8450.0、MO=NULL、全ストップフラグ0。前場は特別買い気配継続で取引不成立、後場に需給一致し初値成立
2021-03-18 00:00:00,41770,,,,0.0,0.0,0.0,0.0,0.0,0.0,上場初日に終日値がつかなかった（特別買い気配・値幅制限未達）,O/MO/AO全NULL、全ストップフラグ0。需給不一致（特別買い気配）が終日継続したが値幅制限には到達せず取引不成立
2021-03-19 00:00:00,73620,4000.0,,4000.0,0.0,0.0,0.0,0.0,0.0,0.0,前場で値がつかず後場で初値成立（後場初値・ストップ未達）,O=AO=4000.0、MO=NULL、全ストップフラグ0。前場は特別買い気配継続で取引不成立、後場に需給一致し初値成立
2021-03-19 00:00:00,41760,2300.0,,2300.0,0.0,0.0,0.0,0.0,0.0,0.0,前場で値がつかず後場で初値成立（後場初値・ストップ未達）,O=AO=2300.0、MO=NULL、全ストップフラグ0。前場は特別買い気配継続で取引不成立、後場に需給一致し初値成立
2021-03-24 00:00:00,66140,,,,0.0,0.0,0.0,0.0,0.0,0.0,上場初日に終日値がつかなかった（特別買い気配・値幅制限未達）,O/MO/AO全NULL、全ストップフラグ0。需給不一致（特別買い気配）が終日継続したが値幅制限には到達せず取引不成立
2021-03-25 00:00:00,73630,9400.0,,9400.0,0.0,0.0,0.0,0.0,0.0,0.0,前場で値がつかず後場で初値成立（後場初値・ストップ未達）,O=AO=9400.0、MO=NULL、全ストップフラグ0。前場は特別買い気配継続で取引不成立、後場に需給一致し初値成立
2021-03-25 00:00:00,41790,2851.0,,2851.0,0.0,0.0,0.0,0.0,0.0,0.0,前場で値がつかず後場で初値成立（後場初値・ストップ未達）,O=AO=2851.0、MO=NULL、全ストップフラグ0。前場は特別買い気配継続で取引不成立、後場に需給一致し初値成立
2021-03-26 00:00:00,73430,1566.0,,1566.0,0.0,0.0,0.0,0.0,0.0,0.0,前場で値がつかず後場で初値成立（後場初値・ストップ未達）,O=AO=1566.0、MO=NULL、全ストップフラグ0。前場は特別買い気配継続で取引不成立、後場に需給一致し初値成立
2021-03-29 00:00:00,62280,5700.0,5700.0,,,,,,,,データ欠損（フラグ情報なし）,UL/LL等フラグがNaN。O=MO=5700.0、AO=NULL。データ不備と推定
